subject,age,sex,studyday,positive,negative,sleep,social
P01,24,M,1,10,4,3,2
P01,24,M,2,9,3,2,2
P01,24,M,3,10,2,2,2
P01,24,M,6,9,0,3,2
P01,24,M,7,8,5,2,2
P01,24,M,8,9,3,3,2
P01,24,M,11,9,7,3,2
P01,24,M,12,10,1,3,2
P01,24,M,16,10,4,2,2
P01,24,M,21,10,4,2,2
P01,24,M,25,10,3,3,2
P01,24,M,26,10,3,2,2
P01,24,M,27,10,3,3,2
P01,24,M,39,9,3,2,2
P01,24,M,42,10,3,2,2
P01,24,M,46,10,3,2,2
P01,24,M,50,10,3,3,2
P01,24,M,62,10,3,2,2
P01,24,M,68,10,3,2,2
P01,24,M,69,10,4,2,2
P01,24,M,70,10,3,2,2
P01,24,M,71,10,3,2,2
P01,24,M,73,10,3,2,2
P01,24,M,82,10,3,3,2
P01,24,M,88,10,3,2,2
P01,24,M,89,10,3,2,2
P01,24,M,90,10,3,2,2
P01,24,M,91,10,3,2,2
P01,24,M,92,10,3,2,2
P01,24,M,93,10,3,2,2
P01,24,M,95,10,3,2,2
P01,24,M,96,10,3,2,2
P01,24,M,97,10,3,2,2
P01,24,M,98,10,4,2,2
P01,24,M,99,10,3,3,2
P01,24,M,100,10,3,3,2
P02,26,M,1,13,1,3,2
P02,26,M,2,9,2,3,1
P02,26,M,3,12,3,3,2
P02,26,M,4,11,0,3,0
P02,26,M,5,11,1,3,0
P02,26,M,6,9,4,3,1
P02,26,M,7,11,2,3,1
P02,26,M,8,11,0,3,1
P02,26,M,9,11,0,3,2
P02,26,M,10,11,0,3,1
P02,26,M,11,10,0,3,1
P02,26,M,12,15,0,3,2
P02,26,M,13,12,0,3,1
P02,26,M,14,14,0,3,2
P02,26,M,15,13,0,3,3
P02,26,M,16,14,0,3,2
P02,26,M,17,14,0,3,1
P02,26,M,18,11,0,3,1
P02,26,M,19,14,2,3,2
P02,26,M,20,14,0,3,2
P02,26,M,21,11,0,3,2
P02,26,M,22,12,0,3,3
P02,26,M,23,12,1,3,2
P02,26,M,24,13,0,3,1
P02,26,M,25,9,0,3,2
P02,26,M,26,14,0,2,3
P02,26,M,27,15,0,3,3
P02,26,M,28,16,0,3,2
P02,26,M,29,13,0,3,1
P02,26,M,30,11,0,3,2
P02,26,M,31,15,0,3,3
P02,26,M,32,15,0,3,1
P02,26,M,33,14,0,3,1
P02,26,M,34,15,0,2,2
P02,26,M,35,13,0,3,3
P02,26,M,37,14,1,3,2
P02,26,M,38,15,0,3,3
P02,26,M,39,16,0,3,2
P02,26,M,40,14,0,3,4
P02,26,M,41,14,0,3,4
P02,26,M,42,12,0,3,2
P02,26,M,43,15,0,3,2
P02,26,M,44,17,0,3,2
P02,26,M,45,16,0,3,2
P02,26,M,46,11,0,3,1
P02,26,M,47,14,0,3,1
P02,26,M,51,15,1,3,2
P02,26,M,66,17,0,3,4
P02,26,M,67,14,0,3,3
P02,26,M,68,17,0,3,2
P02,26,M,69,12,2,3,2
P02,26,M,70,15,1,3,3
P02,26,M,72,14,7,3,2
P02,26,M,73,12,2,3,2
P02,26,M,75,14,0,3,2
P02,26,M,76,15,2,3,2
P02,26,M,78,13,0,3,3
P02,26,M,80,14,0,3,2
P02,26,M,81,12,0,3,1
P02,26,M,82,14,0,3,2
P02,26,M,84,11,2,3,2
P02,26,M,86,14,0,3,2
P02,26,M,87,16,0,3,3
P02,26,M,91,14,0,3,3
P02,26,M,92,14,0,3,3
P02,26,M,93,15,0,3,2
P02,26,M,94,15,0,3,4
P02,26,M,95,11,1,3,2
P02,26,M,96,12,0,3,0
P02,26,M,97,14,0,1,4
P02,26,M,98,15,0,3,0
P02,26,M,99,14,0,3,0
P02,26,M,100,18,0,3,4
P04,51,M,1,10,5,2,2
P04,51,M,2,7,9,1,0
P04,51,M,3,10,8,2,0
P04,51,M,4,12,9,4,0
P04,51,M,5,10,4,2,1
P04,51,M,6,12,3,2,2
P04,51,M,7,2,8,4,0
P04,51,M,8,11,2,2,2
P04,51,M,9,6,8,1,0
P04,51,M,10,6,5,1,0
P04,51,M,11,10,2,3,0
P04,51,M,12,1,12,1,0
P04,51,M,13,7,7,2,2
P04,51,M,14,4,10,2,0
P04,51,M,15,7,7,2,1
P04,51,M,16,5,5,2,1
P04,51,M,17,7,5,2,1
P04,51,M,18,4,6,2,1
P04,51,M,19,7,5,2,1
P04,51,M,20,9,5,2,2
P04,51,M,21,13,2,2,1
P04,51,M,22,10,3,2,0
P04,51,M,23,4,9,1,0
P04,51,M,24,8,7,1,2
P04,51,M,25,11,2,1,3
P04,51,M,26,3,12,1,0
P04,51,M,27,2,5,1,1
P04,51,M,29,2,8,1,2
P04,51,M,30,1,11,2,0
P04,51,M,31,3,5,2,0
P04,51,M,32,10,3,2,1
P04,51,M,33,12,3,2,0
P04,51,M,34,10,2,2,2
P04,51,M,35,14,2,2,2
P04,51,M,36,2,5,2,0
P04,51,M,37,3,3,2,0
P04,51,M,38,7,4,3,0
P04,51,M,39,13,4,2,2
P04,51,M,40,8,6,2,2
P04,51,M,41,10,4,2,2
P04,51,M,43,4,10,2,0
P04,51,M,44,0,12,2,0
P04,51,M,45,6,6,2,0
P04,51,M,46,1,5,2,0
P04,51,M,47,8,6,2,0
P04,51,M,49,8,6,2,2
P04,51,M,50,4,5,2,0
P04,51,M,51,5,7,1,1
P04,51,M,52,3,10,1,0
P04,51,M,53,1,9,1,0
P04,51,M,54,6,6,2,0
P04,51,M,55,2,5,2,0
P04,51,M,56,7,6,2,0
P04,51,M,57,7,6,2,0
P04,51,M,58,7,3,2,0
P04,51,M,59,6,12,2,1
P04,51,M,60,5,8,2,0
P04,51,M,61,7,8,2,0
P04,51,M,62,8,4,2,4
P04,51,M,63,9,4,2,2
P04,51,M,64,11,3,2,2
P04,51,M,65,12,4,2,2
P04,51,M,66,9,4,2,0
P04,51,M,67,14,2,2,1
P04,51,M,68,10,3,2,1
P04,51,M,69,14,3,2,3
P04,51,M,70,5,10,2,1
P04,51,M,71,9,5,2,3
P04,51,M,72,10,6,2,1
P04,51,M,73,8,13,2,0
P04,51,M,74,7,8,2,1
P04,51,M,76,10,3,2,2
P04,51,M,77,10,4,2,2
P04,51,M,78,9,5,2,1
P04,51,M,79,3,10,1,1
P04,51,M,80,3,8,2,1
P04,51,M,82,1,5,2,0
P04,51,M,83,11,3,2,2
P04,51,M,84,7,6,2,2
P04,51,M,85,9,4,2,2
P04,51,M,86,5,6,2,1
P04,51,M,87,7,10,2,0
P04,51,M,88,11,5,1,0
P04,51,M,89,3,5,1,0
P04,51,M,90,8,4,2,2
P04,51,M,91,6,9,2,1
P04,51,M,92,7,3,2,2
P04,51,M,93,5,8,2,1
P04,51,M,94,3,4,2,0
P04,51,M,95,3,6,1,1
P04,51,M,96,8,5,2,3
P04,51,M,97,9,6,2,1
P04,51,M,98,9,11,2,0
P04,51,M,99,8,5,2,0
P04,51,M,100,1,9,2,0
P05,27,M,1,16,0,3,4
P05,27,M,2,11,5,3,3
P05,27,M,3,15,1,3,3
P05,27,M,4,16,0,3,3
P05,27,M,6,17,2,3,4
P05,27,M,7,17,1,3,3
P05,27,M,8,9,0,3,3
P05,27,M,9,17,2,3,4
P05,27,M,10,18,3,1,3
P05,27,M,11,20,5,3,3
P05,27,M,12,19,2,3,4
P05,27,M,14,13,4,3,3
P05,27,M,15,16,3,3,3
P05,27,M,16,15,6,3,3
P05,27,M,17,16,5,3,3
P05,27,M,18,17,3,3,3
P05,27,M,19,15,7,3,3
P05,27,M,20,15,4,3,3
P05,27,M,21,17,3,3,3
P05,27,M,22,16,2,3,3
P05,27,M,23,15,2,3,4
P05,27,M,24,16,3,3,3
P05,27,M,26,12,2,3,3
P05,27,M,29,15,6,3,3
P05,27,M,30,19,12,3,4
P05,27,M,31,8,0,3,3
P05,27,M,32,13,6,3,3
P05,27,M,33,14,6,3,3
P05,27,M,34,16,2,3,4
P05,27,M,35,16,2,3,3
P05,27,M,36,15,5,3,3
P05,27,M,37,17,1,1,3
P05,27,M,39,16,1,3,3
P05,27,M,40,14,3,3,3
P05,27,M,42,18,2,3,3
P05,27,M,43,16,3,3,3
P05,27,M,45,12,1,3,3
P05,27,M,46,13,4,3,3
P05,27,M,48,15,1,3,2
P05,27,M,50,14,2,3,2
P05,27,M,52,15,4,4,2
P05,27,M,54,14,4,3,3
P05,27,M,56,14,4,4,2
P05,27,M,57,10,3,4,2
P05,27,M,59,6,4,4,2
P05,27,M,60,10,4,4,2
P05,27,M,61,12,4,4,2
P05,27,M,63,11,3,4,2
P05,27,M,65,11,2,4,1
P05,27,M,66,10,2,4,2
P05,27,M,67,10,3,0,1
P05,27,M,68,11,1,3,2
P05,27,M,71,8,2,4,2
P05,27,M,72,8,1,3,2
P05,27,M,74,10,0,3,1
P05,27,M,75,9,3,4,1
P05,27,M,76,10,1,3,1
P05,27,M,77,11,0,3,2
P05,27,M,78,11,0,4,1
P05,27,M,79,10,0,0,2
P05,27,M,80,11,0,2,1
P05,27,M,81,10,1,2,2
P05,27,M,82,11,1,2,2
P05,27,M,84,9,1,3,2
P05,27,M,85,6,3,4,1
P05,27,M,86,8,1,4,1
P05,27,M,87,6,1,4,1
P05,27,M,88,8,3,2,1
P05,27,M,89,4,1,2,1
P05,27,M,90,4,3,4,1
P05,27,M,92,6,1,2,1
P05,27,M,93,7,0,3,1
P05,27,M,94,9,0,1,2
P05,27,M,96,9,0,2,2
P05,27,M,98,10,0,3,2
P05,27,M,100,10,0,3,1
P06,24,M,7,9,1,2,1
P06,24,M,9,7,0,3,1
P06,24,M,14,7,0,1,1
P06,24,M,15,5,0,1,1
P06,24,M,17,8,4,1,1
P06,24,M,18,6,0,2,1
P06,24,M,19,4,0,2,1
P06,24,M,20,1,0,0,1
P06,24,M,21,3,0,0,1
P06,24,M,24,7,0,2,2
P06,24,M,25,6,0,1,1
P06,24,M,28,5,0,2,1
P06,24,M,29,7,0,0,1
P06,24,M,30,2,1,1,1
P06,24,M,32,9,0,2,2
P06,24,M,39,10,1,2,2
P06,24,M,44,10,0,2,2
P06,24,M,46,10,0,1,2
P06,24,M,47,8,1,2,2
P06,24,M,51,10,2,4,2
P06,24,M,52,10,3,1,2
P06,24,M,53,10,1,2,2
P06,24,M,66,10,0,2,2
P06,24,M,69,10,0,0,2
P06,24,M,70,10,1,2,1
P06,24,M,72,8,3,2,2
P06,24,M,77,10,0,2,2
P06,24,M,82,10,2,2,2
P06,24,M,89,10,0,3,2
P07,46,F,1,4,7,2,1
P07,46,F,2,3,4,2,0
P07,46,F,3,16,12,2,0
P07,46,F,4,14,12,2,1
P07,46,F,5,2,13,2,0
P07,46,F,6,1,9,2,0
P07,46,F,7,0,6,4,0
P07,46,F,8,4,3,2,1
P07,46,F,9,1,3,2,0
P07,46,F,10,4,1,2,1
P07,46,F,11,5,2,1,1
P07,46,F,12,1,4,1,0
P07,46,F,13,0,15,1,0
P07,46,F,14,0,0,2,0
P07,46,F,15,0,2,2,0
P07,46,F,16,2,3,2,1
P07,46,F,17,1,2,2,1
P07,46,F,18,5,5,2,0
P07,46,F,19,1,4,2,0
P07,46,F,20,2,3,2,1
P07,46,F,23,0,6,1,0
P07,46,F,24,0,0,2,0
P07,46,F,25,0,2,2,0
P07,46,F,26,2,9,2,1
P07,46,F,27,3,4,2,1
P07,46,F,28,7,5,2,1
P07,46,F,29,3,6,1,0
P07,46,F,30,4,2,1,1
P07,46,F,31,8,3,2,1
P07,46,F,33,6,4,1,0
P07,46,F,34,9,4,1,3
P07,46,F,35,1,8,1,1
P07,46,F,36,1,4,2,1
P07,46,F,37,2,3,2,1
P07,46,F,39,2,2,2,1
P07,46,F,41,2,4,2,1
P07,46,F,42,0,4,2,1
P07,46,F,45,2,7,2,1
P07,46,F,46,3,4,2,1
P07,46,F,48,1,4,1,1
P07,46,F,50,4,4,1,2
P07,46,F,56,1,0,2,1
P07,46,F,61,0,4,2,1
P07,46,F,62,1,3,2,1
P07,46,F,69,0,0,1,1
P07,46,F,72,3,2,2,1
P07,46,F,76,0,3,1,1
P07,46,F,78,1,5,1,1
P07,46,F,80,1,3,1,1
P07,46,F,90,2,5,2,1
P07,46,F,94,2,4,2,1
P08,61,F,29,7,1,2,2
P08,61,F,30,8,1,3,1
P08,61,F,31,9,0,2,2
P08,61,F,32,8,0,3,2
P08,61,F,33,8,1,3,0
P08,61,F,34,10,0,3,3
P08,61,F,35,8,0,2,1
P08,61,F,36,8,0,3,2
P08,61,F,37,8,0,3,0
P08,61,F,38,8,0,3,2
P08,61,F,39,8,0,3,0
P08,61,F,40,10,0,3,2
P08,61,F,41,8,0,3,0
P08,61,F,42,8,0,3,1
P08,61,F,43,8,0,3,2
P08,61,F,44,7,0,3,2
P08,61,F,45,8,0,3,3
P08,61,F,46,11,1,3,2
P08,61,F,47,8,0,3,0
P08,61,F,48,8,0,3,2
P08,61,F,49,8,0,3,0
P08,61,F,50,5,0,3,2
P08,61,F,52,9,0,3,2
P08,61,F,53,7,0,3,2
P08,61,F,54,7,0,3,2
P08,61,F,55,7,0,3,1
P08,61,F,56,8,0,3,2
P08,61,F,57,8,0,3,2
P08,61,F,58,8,0,3,2
P08,61,F,60,7,0,3,2
P08,61,F,72,8,0,3,0
P08,61,F,73,7,0,3,2
P08,61,F,74,7,0,3,1
P08,61,F,76,8,0,3,2
P08,61,F,77,7,0,3,0
P08,61,F,78,8,0,3,2
P08,61,F,80,7,0,3,2
P08,61,F,81,7,0,2,2
P08,61,F,83,8,0,3,3
P08,61,F,84,7,0,3,0
P08,61,F,85,7,0,3,2
P08,61,F,86,7,0,3,0
P08,61,F,87,7,0,3,1
P08,61,F,88,7,0,3,2
P08,61,F,89,7,0,3,0
P08,61,F,90,7,0,3,2
P08,61,F,91,6,0,2,0
P08,61,F,93,7,0,3,0
P08,61,F,94,7,0,3,1
P08,61,F,97,8,0,2,3
P08,61,F,98,8,0,3,3
P08,61,F,99,9,0,3,3
P08,61,F,100,7,0,3,3
P09,42,M,13,14,0,3,2
P09,42,M,15,7,0,1,1
P09,42,M,16,11,0,2,2
P09,42,M,17,9,0,2,2
P09,42,M,19,8,0,2,1
P09,42,M,20,10,0,2,2
P09,42,M,23,9,0,2,1
P09,42,M,24,6,0,2,2
P09,42,M,25,6,0,2,1
P09,42,M,26,7,0,2,2
P09,42,M,28,8,0,2,1
P09,42,M,29,10,0,2,1
P09,42,M,31,6,0,2,2
P09,42,M,34,9,0,2,2
P09,42,M,36,7,0,2,1
P09,42,M,37,8,0,2,2
P09,42,M,38,8,0,2,2
P09,42,M,39,5,0,2,1
P09,42,M,43,7,0,2,1
P09,42,M,44,5,0,2,2
P09,42,M,47,7,0,2,1
P09,42,M,50,6,0,2,1
P09,42,M,52,9,0,2,2
P09,42,M,53,10,0,2,1
P09,42,M,54,10,0,2,1
P09,42,M,56,10,0,2,2
P09,42,M,61,8,0,2,1
P09,42,M,63,6,0,1,1
P09,42,M,64,6,0,2,1
P09,42,M,70,10,0,2,1
P09,42,M,71,10,0,2,1
P09,42,M,72,10,0,2,1
P09,42,M,75,8,0,2,1
P09,42,M,76,10,0,2,1
P09,42,M,77,10,0,2,1
P09,42,M,78,9,0,2,1
P09,42,M,79,9,0,2,1
P09,42,M,80,10,0,2,2
P09,42,M,81,10,0,2,1
P09,42,M,82,8,0,2,1
P09,42,M,83,10,0,2,1
P09,42,M,84,10,0,2,1
P09,42,M,85,9,0,2,1
P09,42,M,86,10,0,2,1
P09,42,M,88,10,0,2,1
P09,42,M,89,10,0,2,1
P09,42,M,90,9,0,2,1
P09,42,M,93,9,0,2,1
P09,42,M,94,10,0,2,1
P09,42,M,95,8,0,2,1
P09,42,M,96,9,0,2,1
P09,42,M,97,9,0,2,1
P09,42,M,98,10,0,2,1
P09,42,M,99,8,0,2,1
P10,29,M,5,11,6,3,2
P10,29,M,6,12,1,3,1
P10,29,M,7,11,1,2,1
P10,29,M,8,11,1,3,1
P10,29,M,9,10,1,2,1
P10,29,M,10,10,4,4,0
P10,29,M,11,13,4,3,1
P10,29,M,13,12,0,2,2
P10,29,M,14,11,4,2,2
P10,29,M,15,13,1,3,1
P10,29,M,17,10,6,3,0
P10,29,M,18,13,4,3,2
P10,29,M,20,11,1,2,2
P10,29,M,21,11,1,3,2
P10,29,M,22,11,3,2,0
P10,29,M,23,12,1,2,2
P10,29,M,24,11,4,2,0
P10,29,M,25,13,5,2,1
P10,29,M,26,10,3,4,0
P10,29,M,27,10,2,3,1
P10,29,M,28,11,3,2,2
P10,29,M,29,12,7,3,2
P10,29,M,30,12,3,3,2
P10,29,M,31,12,2,2,0
P10,29,M,32,11,4,3,1
P10,29,M,33,11,1,3,1
P10,29,M,34,11,2,3,1
P10,29,M,35,12,3,3,1
P10,29,M,36,12,4,3,0
P10,29,M,37,11,4,2,0
P10,29,M,38,15,6,3,1
P10,29,M,39,14,3,3,1
P10,29,M,40,11,2,3,1
P10,29,M,41,13,1,3,1
P10,29,M,42,14,1,3,2
P10,29,M,43,14,1,3,2
P10,29,M,44,13,3,3,2
P10,29,M,45,12,1,3,1
P10,29,M,47,11,4,3,2
P10,29,M,48,15,4,3,2
P10,29,M,49,15,1,1,2
P10,29,M,51,12,0,3,2
P10,29,M,52,11,1,3,1
P10,29,M,53,11,1,3,2
P10,29,M,54,16,1,2,2
P10,29,M,55,11,7,2,4
P10,29,M,56,13,4,2,2
P10,29,M,57,17,0,1,2
P10,29,M,59,13,0,1,2
P10,29,M,60,13,2,3,1
P10,29,M,61,13,1,3,1
P10,29,M,62,13,2,3,2
P10,29,M,63,12,2,3,2
P10,29,M,64,13,1,3,2
P10,29,M,65,13,1,3,2
P10,29,M,66,13,3,3,2
P10,29,M,67,12,5,3,1
P10,29,M,69,13,0,3,2
P10,29,M,70,12,9,3,2
P10,29,M,71,14,2,3,2
P10,29,M,72,12,5,2,2
P10,29,M,73,13,4,2,2
P10,29,M,74,11,0,3,2
P10,29,M,75,13,2,3,2
P10,29,M,76,13,1,3,2
P10,29,M,77,16,3,3,2
P10,29,M,78,11,5,3,2
P10,29,M,79,12,7,3,2
P10,29,M,80,11,9,2,2
P10,29,M,81,13,7,3,2
P10,29,M,82,12,1,3,2
P10,29,M,83,15,3,3,2
P10,29,M,84,16,3,3,2
P10,29,M,85,16,2,3,2
P10,29,M,86,16,4,3,2
P10,29,M,87,14,1,3,2
P10,29,M,88,15,3,3,2
P10,29,M,89,13,1,3,2
P10,29,M,90,14,4,3,2
P10,29,M,91,13,1,3,2
P10,29,M,92,14,4,3,2
P10,29,M,93,13,2,3,2
P10,29,M,94,13,4,3,2
P10,29,M,95,12,2,2,2
P10,29,M,96,16,3,3,2
P10,29,M,97,13,2,3,2
P10,29,M,98,12,2,3,4
P10,29,M,99,13,2,3,2
P11,28,F,1,3,13,3,2
P11,28,F,2,7,12,3,2
P11,28,F,3,4,5,1,2
P11,28,F,5,2,10,2,2
P11,28,F,6,1,13,1,2
P11,28,F,7,6,7,1,2
P11,28,F,9,4,9,2,0
P11,28,F,11,3,17,1,2
P11,28,F,13,9,9,2,2
P11,28,F,14,8,6,1,2
P11,28,F,15,7,4,2,0
P11,28,F,24,3,7,2,3
P11,28,F,25,10,8,1,2
P11,28,F,26,2,6,1,1
P11,28,F,28,6,8,2,2
P11,28,F,29,7,6,0,2
P11,28,F,32,5,10,1,3
P11,28,F,35,5,14,1,4
P11,28,F,36,0,14,1,1
P11,28,F,38,12,8,1,4
P11,28,F,41,5,15,1,2
P11,28,F,42,3,8,1,2
P11,28,F,45,7,6,1,1
P11,28,F,46,8,4,2,2
P11,28,F,47,4,6,1,2
P11,28,F,49,2,5,0,2
P11,28,F,53,9,7,1,3
P12,33,F,1,17,4,2,3
P12,33,F,3,11,18,4,2
P12,33,F,4,16,1,1,3
P12,33,F,5,15,0,2,3
P12,33,F,6,15,1,3,2
P12,33,F,7,16,0,3,3
P12,33,F,8,17,5,3,0
P12,33,F,9,16,0,2,2
P12,33,F,10,17,2,3,3
P12,33,F,11,16,2,3,2
P12,33,F,14,16,0,3,3
P12,33,F,15,12,12,3,1
P12,33,F,16,12,14,2,2
P12,33,F,18,13,9,4,3
P12,33,F,20,10,8,4,2
P12,33,F,21,12,1,3,2
P12,33,F,23,11,5,2,2
P12,33,F,24,13,7,3,3
P12,33,F,25,16,0,2,4
P12,33,F,26,15,0,2,4
P12,33,F,27,12,1,3,4
P12,33,F,28,11,1,3,3
P12,33,F,29,12,1,4,0
P12,33,F,32,18,4,3,4
P12,33,F,33,11,0,3,4
P12,33,F,35,11,2,3,3
P12,33,F,36,9,3,4,2
P12,33,F,37,10,1,3,3
P12,33,F,40,13,3,2,2
P12,33,F,41,13,3,2,2
P12,33,F,45,12,2,3,2
P12,33,F,46,18,0,4,4
P12,33,F,47,13,0,3,3
P12,33,F,48,12,0,2,3
P12,33,F,49,11,0,2,3
P12,33,F,51,7,0,1,3
P12,33,F,52,13,0,3,2
P12,33,F,54,16,2,3,3
P12,33,F,55,14,0,2,3
P12,33,F,56,12,0,2,2
P12,33,F,57,8,1,3,2
P12,33,F,58,13,3,3,2
P12,33,F,59,14,2,2,3
P12,33,F,60,16,0,3,2
P12,33,F,61,15,0,3,2
P12,33,F,62,9,1,3,3
P12,33,F,63,14,2,2,3
P12,33,F,64,10,0,3,3
P12,33,F,65,14,0,2,3
P12,33,F,67,12,0,3,3
P12,33,F,68,15,1,3,3
P12,33,F,70,18,1,2,2
P12,33,F,71,18,0,2,4
P12,33,F,75,15,1,3,2
P12,33,F,77,16,0,2,2
P12,33,F,78,12,0,2,2
P12,33,F,80,13,1,3,3
P12,33,F,84,15,0,3,2
P12,33,F,86,13,1,3,2
P12,33,F,89,14,1,3,2
P12,33,F,91,15,2,3,2
P12,33,F,94,17,0,3,4
P12,33,F,95,17,3,4,3
P12,33,F,96,18,0,3,4
P12,33,F,97,18,1,3,3
P12,33,F,99,16,0,2,3
P12,33,F,100,17,0,2,2
P13,30,F,1,9,1,2,3
P13,30,F,7,9,2,3,2
P13,30,F,10,4,1,3,2
P13,30,F,19,9,0,2,3
P14,24,F,9,12,9,1,4
P14,24,F,11,10,16,2,2
P14,24,F,12,12,6,2,1
P14,24,F,13,7,6,1,1
P14,24,F,15,12,12,1,2
P14,24,F,16,11,4,0,2
P14,24,F,17,9,5,2,1
P14,24,F,18,3,15,1,1
P14,24,F,19,6,13,1,1
P14,24,F,20,8,6,1,2
P14,24,F,21,5,6,1,2
P14,24,F,22,8,10,2,2
P14,24,F,23,6,5,1,2
P14,24,F,24,5,6,1,2
P14,24,F,50,8,18,1,4
P14,24,F,88,7,12,1,2
P15,21,F,12,6,6,3,1
P15,21,F,13,3,9,2,2
P15,21,F,14,2,6,2,1
P15,21,F,15,3,0,3,2
P15,21,F,16,8,1,3,3
P15,21,F,17,8,0,3,4
P15,21,F,18,8,10,4,1
P15,21,F,19,2,11,4,2
P15,21,F,20,5,8,1,3
P15,21,F,21,2,11,3,1
P15,21,F,22,2,9,2,3
P15,21,F,25,9,5,1,3
P15,21,F,26,8,0,3,3
P15,21,F,28,13,1,1,2
P15,21,F,29,13,0,2,2
P15,21,F,30,9,0,2,2
P15,21,F,31,15,2,3,3
P15,21,F,33,8,2,3,3
P15,21,F,34,4,6,1,2
P15,21,F,38,7,1,2,3
P15,21,F,39,14,1,3,3
P15,21,F,40,9,1,2,3
P15,21,F,41,12,1,2,4
P15,21,F,42,8,6,1,1
P15,21,F,43,8,2,1,2
P15,21,F,45,5,11,3,1
P15,21,F,46,6,4,3,2
P15,21,F,47,4,4,4,1
P15,21,F,49,14,0,1,3
P15,21,F,50,12,0,4,3
P15,21,F,51,10,0,4,3
P15,21,F,52,10,5,3,2
P15,21,F,53,9,8,3,2
P15,21,F,54,11,0,4,3
P15,21,F,56,5,4,3,3
P15,21,F,57,10,0,3,1
P15,21,F,58,11,0,1,3
P15,21,F,59,8,2,3,1
P15,21,F,61,5,8,2,3
P15,21,F,62,9,7,3,2
P15,21,F,65,5,3,1,2
P15,21,F,68,5,13,2,3
P15,21,F,71,9,0,3,3
P15,21,F,73,10,8,2,3
P15,21,F,74,4,10,2,3
P15,21,F,80,2,8,3,1
P15,21,F,81,3,4,2,1
P15,21,F,86,8,1,2,2
P15,21,F,89,12,2,4,3
P15,21,F,90,10,3,4,2
P15,21,F,91,8,1,2,2
P15,21,F,92,10,5,1,2
P15,21,F,94,8,4,1,3
P15,21,F,95,6,0,4,3
P15,21,F,98,10,0,2,3
P15,21,F,99,8,0,2,2
P16,22,F,1,9,5,1,3
P16,22,F,2,12,0,3,2
P16,22,F,3,13,2,2,3
P16,22,F,38,11,7,2,3
P16,22,F,40,17,6,2,3
P16,22,F,42,9,14,1,2
P16,22,F,43,10,0,3,3
P16,22,F,49,14,0,3,2
P16,22,F,53,10,10,1,2
P16,22,F,55,9,0,2,2
P17,37,F,1,11,0,3,3
P17,37,F,2,13,2,3,4
P17,37,F,3,5,3,2,3
P17,37,F,4,8,1,3,3
P17,37,F,5,8,1,3,3
P17,37,F,6,8,1,2,3
P17,37,F,7,8,3,3,3
P17,37,F,8,5,3,2,3
P17,37,F,9,3,0,4,2
P17,37,F,10,8,1,3,3
P17,37,F,11,8,1,2,3
P17,37,F,12,8,5,4,2
P17,37,F,13,6,2,4,2
P17,37,F,14,11,2,3,3
P17,37,F,15,5,3,2,4
P17,37,F,16,12,0,3,4
P17,37,F,17,13,2,3,3
P17,37,F,18,8,3,2,2
P17,37,F,19,11,1,3,3
P17,37,F,20,15,4,3,4
P17,37,F,21,14,1,3,3
P17,37,F,22,8,7,3,2
P17,37,F,23,7,1,3,4
P17,37,F,24,5,2,2,3
P17,37,F,25,10,2,3,3
P17,37,F,26,12,3,1,2
P17,37,F,27,5,8,1,3
P17,37,F,28,6,8,2,3
P17,37,F,29,9,4,3,3
P17,37,F,30,10,1,3,3
P17,37,F,31,8,6,3,2
P17,37,F,32,5,4,1,2
P17,37,F,33,9,2,3,3
P17,37,F,34,10,6,3,3
P17,37,F,35,18,4,3,4
P17,37,F,36,5,3,2,2
P17,37,F,37,6,5,2,2
P17,37,F,38,5,4,2,2
P17,37,F,39,8,4,2,2
P17,37,F,40,8,3,2,3
P17,37,F,41,11,1,3,3
P17,37,F,42,4,6,1,3
P17,37,F,43,14,1,3,2
P17,37,F,44,2,9,2,2
P17,37,F,45,8,0,2,3
P17,37,F,46,6,3,2,2
P17,37,F,47,6,0,2,3
P17,37,F,48,6,11,2,3
P17,37,F,49,5,3,2,2
P17,37,F,50,3,10,2,3
P17,37,F,51,6,4,4,3
P17,37,F,52,6,9,3,3
P17,37,F,53,4,5,3,2
P17,37,F,54,8,3,3,2
P17,37,F,55,10,5,3,2
P17,37,F,56,10,5,3,2
P17,37,F,57,8,0,2,3
P17,37,F,58,10,3,3,3
P17,37,F,59,6,0,3,3
P17,37,F,60,6,4,4,3
P17,37,F,61,7,5,2,3
P17,37,F,62,9,4,3,3
P17,37,F,63,9,1,1,2
P17,37,F,65,4,3,2,2
P17,37,F,66,7,5,3,3
P17,37,F,67,10,3,3,3
P17,37,F,68,10,3,3,3
P17,37,F,69,13,1,3,4
P17,37,F,70,9,0,3,4
P17,37,F,72,8,0,4,3
P17,37,F,73,4,5,4,2
P17,37,F,74,8,5,3,3
P17,37,F,78,7,5,3,3
P17,37,F,79,12,1,2,3
P17,37,F,80,7,2,3,2
P17,37,F,82,10,4,3,3
P17,37,F,83,7,4,2,2
P17,37,F,84,11,2,2,2
P17,37,F,85,8,0,3,3
P17,37,F,86,7,1,3,3
P17,37,F,87,4,2,3,3
P17,37,F,88,15,2,3,3
P17,37,F,90,5,9,2,2
P17,37,F,91,8,9,2,3
P17,37,F,92,12,7,3,3
P17,37,F,93,6,7,2,3
P17,37,F,94,16,1,3,3
P17,37,F,95,7,4,4,3
P17,37,F,96,7,8,2,3
P17,37,F,97,6,10,2,3
P17,37,F,98,6,11,2,3
P17,37,F,100,12,6,3,2
P18,22,F,2,11,0,2,2
P18,22,F,3,11,0,2,1
P18,22,F,4,11,1,2,2
P18,22,F,5,9,1,3,2
P18,22,F,6,9,3,1,1
P18,22,F,7,9,4,1,2
P18,22,F,8,10,4,2,1
P18,22,F,9,6,4,1,1
P18,22,F,10,10,5,2,2
P18,22,F,11,13,0,2,2
P18,22,F,12,15,2,1,2
P18,22,F,13,11,0,2,2
P18,22,F,14,8,8,2,2
P18,22,F,15,9,0,2,2
P18,22,F,16,11,0,1,2
P18,22,F,17,9,7,2,2
P18,22,F,18,7,5,2,2
P18,22,F,19,10,0,2,2
P18,22,F,20,10,1,2,2
P18,22,F,21,10,0,2,2
P18,22,F,22,10,5,2,2
P18,22,F,23,9,0,2,2
P18,22,F,24,10,1,2,2
P18,22,F,25,10,1,2,2
P18,22,F,26,10,0,2,2
P18,22,F,27,8,0,2,0
P18,22,F,28,7,7,2,2
P18,22,F,29,5,6,2,2
P18,22,F,30,8,8,2,2
P18,22,F,31,14,2,2,2
P18,22,F,32,7,0,1,2
P18,22,F,33,10,2,2,2
P18,22,F,34,9,2,2,2
P18,22,F,35,6,0,2,2
P18,22,F,36,10,0,2,2
P18,22,F,37,9,1,2,2
P18,22,F,38,10,3,0,2
P18,22,F,39,6,1,1,3
P18,22,F,40,10,0,2,2
P18,22,F,41,8,1,1,3
P18,22,F,42,10,3,0,3
P18,22,F,43,10,1,2,2
P18,22,F,44,10,1,1,2
P18,22,F,45,8,4,2,3
P18,22,F,46,9,3,2,2
P18,22,F,47,10,2,2,2
P18,22,F,48,10,1,2,3
P18,22,F,49,11,0,2,3
P18,22,F,98,9,1,2,2
P18,22,F,99,10,0,2,2
P18,22,F,100,10,3,1,2
P19,41,M,6,13,7,1,4
P19,41,M,7,14,8,1,3
P19,41,M,8,11,13,0,3
P19,41,M,9,12,12,1,2
P19,41,M,10,9,3,0,0
P19,41,M,13,6,12,3,0
P19,41,M,14,10,1,2,2
P19,41,M,15,15,2,0,3
P19,41,M,17,15,0,2,2
P19,41,M,18,9,0,2,0
P19,41,M,19,12,3,2,3
P19,41,M,21,12,6,2,2
P19,41,M,22,14,0,3,2
P19,41,M,23,12,0,2,3
P19,41,M,24,14,0,2,3
P19,41,M,27,12,1,0,3
P19,41,M,28,11,0,1,3
P19,41,M,31,9,1,2,3
P19,41,M,33,9,5,0,3
P19,41,M,34,14,2,2,4
P19,41,M,36,15,4,1,3
P19,41,M,37,14,1,1,3
P19,41,M,39,13,3,1,2
P19,41,M,41,12,0,2,3
P19,41,M,44,11,0,1,3
P19,41,M,46,11,0,2,2
P19,41,M,47,12,0,1,2
P19,41,M,48,11,0,1,3
P19,41,M,49,11,5,0,3
P19,41,M,50,11,0,0,3
P19,41,M,51,11,6,2,3
P19,41,M,52,11,0,1,3
P19,41,M,55,12,4,0,3
P19,41,M,56,11,3,1,3
P19,41,M,57,12,0,1,3
P19,41,M,59,12,5,1,3
P19,41,M,60,12,0,1,3
P19,41,M,61,11,0,1,3
P19,41,M,62,11,0,1,3
P19,41,M,63,11,0,1,3
P19,41,M,64,11,0,1,2
P19,41,M,65,11,3,1,2
P19,41,M,66,11,2,1,3
P19,41,M,67,11,5,1,3
P19,41,M,68,11,0,1,3
P19,41,M,69,12,0,1,2
P19,41,M,70,11,0,1,2
P19,41,M,71,10,0,1,3
P19,41,M,72,11,0,1,2
P19,41,M,73,10,3,1,2
P19,41,M,74,11,0,1,2
P19,41,M,76,11,0,1,2
P19,41,M,77,11,2,1,2
P19,41,M,78,11,2,1,2
P19,41,M,79,11,2,1,2
P19,41,M,80,11,2,1,2
P19,41,M,81,11,3,1,2
P19,41,M,82,11,1,1,2
P19,41,M,83,11,6,1,2
P19,41,M,84,11,2,1,2
P19,41,M,85,11,1,1,2
P19,41,M,86,11,5,1,2
P19,41,M,87,12,3,1,2
P19,41,M,88,11,2,1,2
P19,41,M,89,10,8,0,2
P19,41,M,91,11,6,1,2
P19,41,M,92,11,4,0,2
P19,41,M,93,12,1,0,2
P19,41,M,94,8,5,1,2
P19,41,M,95,12,4,1,2
P19,41,M,96,12,4,2,2
P19,41,M,97,10,4,0,2
P19,41,M,98,10,4,1,2
P19,41,M,99,10,4,1,2
P20,26,M,1,9,3,2,3
P20,26,M,2,14,2,2,3
P20,26,M,3,12,3,2,2
P20,26,M,4,15,2,3,3
P20,26,M,5,12,2,1,2
P20,26,M,6,13,1,2,3
P20,26,M,7,13,3,2,2
P20,26,M,8,8,3,3,3
P20,26,M,10,9,2,2,3
P20,26,M,12,7,4,0,1
P20,26,M,13,10,2,4,1
P20,26,M,14,10,4,4,3
P20,26,M,15,14,2,3,3
P20,26,M,18,6,14,0,2
P20,26,M,19,13,2,3,3
P20,26,M,20,7,7,3,2
P20,26,M,23,10,1,1,1
P20,26,M,26,10,3,1,1
P20,26,M,28,8,2,2,1
P20,26,M,29,9,2,1,4
P20,26,M,31,6,4,1,1
P20,26,M,33,8,6,4,1
P20,26,M,34,12,3,3,1
P20,26,M,36,6,2,0,0
P20,26,M,37,10,2,3,0
P20,26,M,38,7,2,1,1
P20,26,M,40,9,3,2,3
P20,26,M,41,10,1,0,1
P20,26,M,43,13,2,1,1
P20,26,M,44,7,2,1,2
P20,26,M,45,7,1,1,3
P20,26,M,47,8,4,1,1
P20,26,M,49,9,2,2,0
P20,26,M,51,9,1,2,0
P20,26,M,52,9,3,2,1
P20,26,M,54,9,3,1,1
P20,26,M,55,8,2,0,2
P20,26,M,56,9,4,0,3
P20,26,M,58,5,5,4,1
P20,26,M,60,10,3,1,3
P20,26,M,63,7,4,1,1
P20,26,M,65,10,4,0,2
P20,26,M,67,8,1,0,1
P20,26,M,68,6,3,0,0
P20,26,M,69,9,2,0,1
P20,26,M,71,2,10,0,1
P20,26,M,72,12,3,3,3
P20,26,M,73,10,3,3,1
P20,26,M,74,10,2,2,1
P20,26,M,75,12,1,3,3
P20,26,M,77,11,2,3,1
P20,26,M,78,13,2,3,0
P20,26,M,79,14,2,3,3
P20,26,M,80,11,2,1,3
P20,26,M,82,9,2,1,2
P20,26,M,84,8,1,1,1
P20,26,M,86,5,2,0,3
P20,26,M,87,3,3,0,2
P20,26,M,88,8,4,1,1
P20,26,M,90,10,1,2,3
P20,26,M,93,7,1,1,3
P20,26,M,97,7,3,0,2
P20,26,M,99,13,3,2,1
P21,30,M,1,7,2,3,2
P21,30,M,2,12,2,2,2
P21,30,M,3,13,3,3,2
P21,30,M,4,11,4,2,2
P21,30,M,6,12,1,2,2
P21,30,M,7,13,8,3,2
P21,30,M,8,14,0,3,2
P21,30,M,10,10,3,3,2
P21,30,M,11,7,6,2,1
P21,30,M,12,10,4,2,2
P21,30,M,13,10,3,2,2
P21,30,M,14,9,4,2,1
P21,30,M,15,7,1,3,2
P21,30,M,17,13,4,2,2
P21,30,M,18,7,13,2,2
P21,30,M,19,7,5,2,2
P21,30,M,20,12,3,1,2
P21,30,M,23,10,3,2,2
P21,30,M,24,12,2,3,3
P21,30,M,28,17,9,1,4
P21,30,M,29,6,6,2,2
P21,30,M,30,13,1,3,2
P21,30,M,32,12,5,2,3
P21,30,M,33,7,4,3,2
P21,30,M,35,7,3,3,2
P21,30,M,36,7,4,3,2
P21,30,M,38,6,7,3,2
P21,30,M,43,11,2,2,2
P21,30,M,45,8,2,3,2
P21,30,M,46,12,2,3,2
P21,30,M,50,13,1,3,2
P21,30,M,52,14,4,3,2
P21,30,M,56,11,0,3,2
P21,30,M,57,11,0,3,2
P21,30,M,59,13,3,3,2
P21,30,M,60,13,1,3,2
P21,30,M,61,14,2,3,2
P21,30,M,62,13,2,3,2
P21,30,M,65,15,0,3,2
P21,30,M,75,14,8,2,4
P22,26,F,1,6,0,2,2
P22,26,F,2,7,0,2,2
P22,26,F,4,9,0,2,3
P22,26,F,5,7,0,2,3
P22,26,F,6,8,0,3,2
P22,26,F,7,6,0,2,2
P22,26,F,8,3,0,4,2
P22,26,F,9,7,0,4,2
P22,26,F,10,7,0,2,2
P22,26,F,11,7,0,3,2
P22,26,F,12,7,0,3,2
P22,26,F,13,8,0,2,2
P22,26,F,14,8,0,3,2
P22,26,F,15,9,2,2,2
P22,26,F,16,4,0,2,2
P22,26,F,17,3,0,4,2
P22,26,F,18,5,0,3,3
P22,26,F,19,6,0,3,2
P22,26,F,20,5,0,4,2
P22,26,F,21,7,0,2,2
P22,26,F,22,6,0,2,2
P22,26,F,23,7,0,3,2
P22,26,F,25,9,0,3,2
P22,26,F,26,7,0,3,3
P22,26,F,27,6,0,2,2
P22,26,F,28,6,0,2,2
P22,26,F,29,10,0,3,2
P22,26,F,30,8,0,2,3
P22,26,F,31,7,0,2,3
P22,26,F,33,7,0,3,2
P22,26,F,34,4,0,4,2
P22,26,F,35,6,0,3,2
P22,26,F,36,8,3,3,2
P22,26,F,37,9,0,3,2
P22,26,F,38,8,0,2,2
P22,26,F,39,7,0,3,3
P22,26,F,40,3,0,4,2
P22,26,F,41,4,0,3,2
P22,26,F,42,6,0,2,2
P22,26,F,43,6,0,3,3
P22,26,F,44,8,0,4,2
P22,26,F,45,6,0,3,3
P22,26,F,46,7,0,2,3
P22,26,F,47,6,1,2,3
P22,26,F,48,6,0,2,2
P22,26,F,49,4,0,2,2
P22,26,F,50,3,0,3,2
P22,26,F,51,5,0,2,2
P22,26,F,52,7,0,3,2
P22,26,F,90,9,0,3,3
P23,33,M,1,7,1,3,2
P23,33,M,2,11,3,2,2
P23,33,M,3,11,1,2,2
P23,33,M,4,12,1,2,3
P23,33,M,5,9,3,2,2
P23,33,M,6,9,4,3,1
P23,33,M,7,9,2,2,2
P23,33,M,8,12,6,3,1
P23,33,M,9,12,13,1,3
P23,33,M,10,9,7,2,3
P23,33,M,11,18,11,0,3
P23,33,M,12,7,2,4,2
P23,33,M,13,6,8,1,2
P23,33,M,14,4,11,1,2
P23,33,M,16,10,3,2,2
P23,33,M,17,10,3,2,2
P23,33,M,18,11,1,2,3
P23,33,M,19,12,3,2,3
P23,33,M,20,7,3,2,3
P23,33,M,22,9,1,3,2
P23,33,M,23,13,2,1,2
P23,33,M,24,5,4,2,2
P23,33,M,26,8,2,4,3
P23,33,M,27,12,2,3,2
P23,33,M,28,7,3,1,3
P23,33,M,30,6,2,4,2
P23,33,M,31,6,2,1,2
P23,33,M,32,10,2,2,3
P23,33,M,33,10,5,1,4
P23,33,M,34,9,8,3,1
P23,33,M,35,7,11,3,2
P23,33,M,39,0,11,4,1
P23,33,M,40,12,6,3,2
P23,33,M,41,16,6,3,2
P23,33,M,43,10,7,1,3
P23,33,M,44,10,8,1,3
P23,33,M,46,6,4,2,2
P23,33,M,47,9,13,1,2
P23,33,M,48,5,8,2,1
P23,33,M,50,11,9,0,2
P23,33,M,52,10,2,1,2
P23,33,M,53,10,2,3,1
P23,33,M,56,8,2,2,2
P23,33,M,57,5,4,2,1
P23,33,M,59,6,3,4,2
P23,33,M,61,5,6,4,1
P23,33,M,62,9,3,2,2
P23,33,M,64,1,2,4,1
P23,33,M,65,9,2,2,3
P23,33,M,67,9,2,2,2
P23,33,M,69,6,2,2,1
P23,33,M,71,6,8,4,1
P23,33,M,72,9,8,2,1
P23,33,M,73,10,4,2,2
P23,33,M,75,7,14,2,1
P23,33,M,76,13,8,1,3
P23,33,M,79,10,5,2,1
P23,33,M,80,9,7,2,3
P23,33,M,84,8,6,2,2
P23,33,M,86,7,4,1,2
P23,33,M,93,11,9,1,2
P23,33,M,95,10,8,3,3
P23,33,M,96,13,8,1,2
P23,33,M,99,9,6,3,3
P24,23,M,1,10,0,2,2
P24,23,M,2,10,0,2,2
P24,23,M,3,10,0,2,2
P24,23,M,4,9,0,2,2
P24,23,M,5,7,0,2,1
P24,23,M,6,7,1,4,1
P24,23,M,7,12,0,3,2
P24,23,M,8,12,0,2,3
P24,23,M,9,8,1,3,2
P24,23,M,11,12,0,3,3
P24,23,M,12,10,1,2,2
P24,23,M,13,10,0,2,2
P24,23,M,15,10,0,2,2
P24,23,M,17,10,0,2,2
P24,23,M,18,6,0,2,2
P24,23,M,20,10,0,2,2
P24,23,M,21,8,0,4,1
P24,23,M,22,13,0,2,2
P24,23,M,23,8,0,4,1
P24,23,M,26,11,0,2,1
P24,23,M,27,14,1,2,0
P24,23,M,29,13,0,2,2
P24,23,M,34,6,0,2,2
P24,23,M,36,10,2,4,1
P24,23,M,39,13,0,1,2
P24,23,M,41,10,0,2,2
P24,23,M,42,10,0,2,2
P24,23,M,44,11,0,2,2
P24,23,M,46,7,0,2,2
P24,23,M,48,10,2,2,1
P24,23,M,49,10,0,2,2
P24,23,M,53,10,0,2,2
P24,23,M,55,10,0,2,2
P24,23,M,56,11,0,2,2
P24,23,M,62,10,0,2,2
P24,23,M,69,11,0,4,2
P24,23,M,70,11,0,2,2
P24,23,M,72,9,0,2,2
P24,23,M,78,11,0,2,2
P24,23,M,79,10,0,2,2
P24,23,M,81,11,0,2,2
P24,23,M,83,11,1,4,2
P24,23,M,90,10,0,2,2
P24,23,M,92,10,0,2,2
P24,23,M,93,9,4,2,2
P24,23,M,94,9,4,2,1
P24,23,M,95,11,0,2,2
P24,23,M,96,10,0,2,1
P24,23,M,99,10,0,2,2
P24,23,M,100,10,0,2,2
P25,20,M,2,5,3,3,1
P26,25,F,1,12,2,3,2
P26,25,F,4,14,3,1,2
P26,25,F,5,9,1,3,3
P26,25,F,8,6,2,3,1
P26,25,F,9,8,3,3,3
P26,25,F,11,5,8,3,2
P26,25,F,12,11,11,3,3
P26,25,F,13,10,8,3,3
P26,25,F,14,9,6,2,2
P26,25,F,15,9,2,1,2
P26,25,F,17,10,6,1,2
P26,25,F,20,7,1,3,3
P26,25,F,21,6,0,4,2
P26,25,F,22,7,0,3,3
P26,25,F,27,3,2,4,1
P26,25,F,28,8,0,3,1
P26,25,F,30,8,0,4,2
P26,25,F,31,10,0,3,3
P26,25,F,32,13,0,0,3
P26,25,F,33,14,0,2,3
P26,25,F,34,13,2,2,2
P26,25,F,36,13,3,3,3
P26,25,F,37,13,1,2,2
P26,25,F,38,12,1,3,2
P26,25,F,42,10,3,4,2
P26,25,F,43,10,8,4,3
P26,25,F,44,10,9,4,2
P26,25,F,45,11,7,4,2
P26,25,F,46,6,14,2,3
P26,25,F,47,10,6,3,2
P26,25,F,49,11,5,1,3
P26,25,F,51,9,2,3,2
P26,25,F,53,11,2,2,3
P26,25,F,54,12,1,2,2
P26,25,F,57,9,4,1,2
P26,25,F,58,8,1,4,3
P26,25,F,59,8,0,4,2
P26,25,F,62,10,3,2,3
P26,25,F,64,9,4,2,3
P26,25,F,67,4,9,2,2
P26,25,F,68,4,11,2,2
P26,25,F,69,6,3,2,2
P26,25,F,70,6,11,1,1
P26,25,F,71,5,6,2,1
P26,25,F,72,8,3,3,3
P26,25,F,73,4,10,3,2
P26,25,F,74,9,2,2,3
P26,25,F,77,9,0,3,2
P26,25,F,78,8,3,2,2
P26,25,F,80,9,9,3,2
P26,25,F,82,8,0,2,2
P26,25,F,84,7,4,2,2
P26,25,F,85,8,4,2,2
P26,25,F,88,9,0,3,2
P26,25,F,90,11,4,2,2
P26,25,F,97,5,5,1,2
P26,25,F,98,7,0,2,2
P26,25,F,100,5,3,2,2
P27,22,F,1,7,2,4,1
P27,22,F,2,4,12,4,3
P27,22,F,3,13,10,4,0
P27,22,F,4,9,11,3,1
P27,22,F,5,6,4,4,0
P27,22,F,7,4,7,4,0
P27,22,F,8,11,9,4,3
P27,22,F,14,5,5,3,0
P27,22,F,15,6,2,4,3
P27,22,F,19,4,10,4,0
P27,22,F,21,2,10,3,3
P27,22,F,24,4,15,4,1
P27,22,F,25,5,12,4,1
P27,22,F,29,5,8,3,2
P27,22,F,30,3,17,4,1
P27,22,F,31,11,1,3,1
P27,22,F,34,11,4,4,2
P27,22,F,36,9,2,3,1
P27,22,F,40,17,0,3,3
P27,22,F,41,10,0,3,3
P27,22,F,44,14,0,3,2
P27,22,F,49,8,6,3,2
P27,22,F,51,9,0,3,3
P27,22,F,63,11,2,3,3
P27,22,F,66,11,0,3,3
P27,22,F,67,15,0,3,3
P27,22,F,73,5,6,4,1
P27,22,F,76,8,10,3,3
P27,22,F,77,16,2,3,3
P27,22,F,79,15,1,3,3
P27,22,F,80,9,1,3,3
P27,22,F,83,15,0,3,3
P27,22,F,85,18,1,3,3
P27,22,F,86,8,2,3,3
P27,22,F,87,13,0,3,3
P27,22,F,90,10,0,3,3
P27,22,F,92,10,0,3,3
P27,22,F,93,3,1,3,2
P27,22,F,94,11,1,3,3
P27,22,F,99,8,1,3,3
P28,45,F,1,15,0,2,2
P28,45,F,2,14,0,2,2
P28,45,F,3,14,0,2,1
P28,45,F,4,14,0,2,2
P28,45,F,5,16,0,2,2
P28,45,F,6,15,0,2,3
P28,45,F,7,15,0,2,2
P28,45,F,8,16,0,1,2
P28,45,F,9,15,0,2,2
P28,45,F,11,16,0,2,2
P28,45,F,13,16,0,2,2
P28,45,F,14,15,0,2,2
P28,45,F,15,15,2,1,2
P28,45,F,16,12,1,2,1
P28,45,F,17,11,1,2,1
P28,45,F,18,13,0,2,3
P28,45,F,19,12,0,2,3
P28,45,F,20,12,1,2,2
P28,45,F,21,10,0,1,2
P28,45,F,22,15,0,2,2
P28,45,F,23,13,0,2,1
P28,45,F,24,14,0,2,1
P28,45,F,25,14,0,2,2
P28,45,F,26,14,0,2,1
P28,45,F,28,15,0,2,2
P28,45,F,29,15,0,3,3
P28,45,F,30,15,0,2,2
P28,45,F,31,15,0,3,2
P28,45,F,32,15,0,2,2
P28,45,F,33,14,0,3,2
P28,45,F,34,15,0,2,3
P28,45,F,35,13,0,3,3
P28,45,F,36,10,0,3,1
P28,45,F,37,14,0,2,1
P28,45,F,38,11,1,2,1
P28,45,F,39,14,0,2,2
P28,45,F,40,13,0,2,2
P28,45,F,41,14,0,2,2
P28,45,F,42,10,0,2,2
P28,45,F,43,13,0,2,2
P28,45,F,44,14,0,2,2
P28,45,F,45,12,0,2,2
P28,45,F,46,15,0,3,2
P28,45,F,47,14,0,2,2
P28,45,F,48,14,0,2,2
P28,45,F,49,15,0,2,2
P28,45,F,50,14,0,1,2
P28,45,F,51,15,0,2,3
P28,45,F,52,10,0,1,1
P28,45,F,53,14,0,3,2
P28,45,F,54,14,0,3,3
P28,45,F,55,15,0,3,3
P28,45,F,56,15,0,3,2
P28,45,F,58,10,1,2,2
P28,45,F,59,15,0,3,2
P28,45,F,60,15,0,3,2
P28,45,F,61,15,0,3,2
P28,45,F,62,14,0,2,3
P28,45,F,63,15,0,2,4
P28,45,F,64,14,0,2,2
P28,45,F,65,16,0,2,3
P28,45,F,66,14,0,2,2
P28,45,F,67,15,1,2,2
P28,45,F,69,15,1,3,3
P28,45,F,70,14,0,1,3
P28,45,F,71,15,0,3,2
P28,45,F,72,15,0,2,2
P28,45,F,73,15,0,2,2
P28,45,F,74,14,0,2,2
P28,45,F,75,15,0,2,2
P28,45,F,76,14,0,2,2
P28,45,F,77,15,0,2,3
P28,45,F,78,14,0,3,3
P28,45,F,79,15,1,3,2
P28,45,F,80,13,0,2,3
P28,45,F,81,14,0,3,2
P28,45,F,83,12,0,3,2
P28,45,F,84,15,0,3,3
P28,45,F,85,15,0,3,3
P28,45,F,86,15,0,3,3
P28,45,F,87,14,0,2,2
P28,45,F,88,14,0,2,2
P28,45,F,89,14,0,2,3
P28,45,F,90,14,0,2,3
P28,45,F,91,14,0,2,2
P28,45,F,92,12,1,2,2
P28,45,F,94,13,0,2,2
P28,45,F,96,14,0,2,2
P28,45,F,97,15,0,3,2
P28,45,F,98,14,0,3,2
P28,45,F,99,15,0,2,2
P28,45,F,100,15,0,2,2
P29,37,M,1,1,0,2,1
P29,37,M,2,2,0,2,1
P29,37,M,3,2,0,2,1
P29,37,M,4,3,0,2,1
P29,37,M,5,4,0,1,1
P29,37,M,6,1,0,2,0
P29,37,M,7,4,0,1,2
P29,37,M,8,4,0,0,0
P29,37,M,9,4,0,2,1
P29,37,M,10,4,0,2,1
P29,37,M,11,3,0,2,1
P29,37,M,12,3,0,2,1
P29,37,M,13,4,0,1,1
P29,37,M,14,3,0,1,1
P29,37,M,15,3,0,1,1
P29,37,M,16,3,0,2,1
P29,37,M,17,3,0,2,2
P29,37,M,18,3,0,2,1
P29,37,M,19,4,0,2,1
P29,37,M,20,4,0,2,1
P29,37,M,21,5,0,2,1
P29,37,M,22,5,0,2,2
P29,37,M,23,5,0,2,1
P29,37,M,24,4,0,2,1
P29,37,M,25,4,0,2,1
P29,37,M,26,5,0,2,1
P29,37,M,27,5,0,2,2
P29,37,M,28,3,0,2,0
P29,37,M,29,5,0,1,2
P29,37,M,30,5,0,2,1
P29,37,M,31,5,0,2,1
P29,37,M,32,5,0,2,1
P29,37,M,33,5,0,2,1
P29,37,M,34,4,0,2,1
P29,37,M,35,5,0,2,1
P29,37,M,36,5,0,2,1
P29,37,M,37,5,0,2,1
P29,37,M,38,5,0,2,1
P29,37,M,39,5,0,2,1
P29,37,M,40,5,0,2,1
P29,37,M,41,5,0,2,1
P29,37,M,42,5,0,2,1
P29,37,M,43,5,0,2,1
P29,37,M,44,5,0,2,1
P29,37,M,45,4,0,2,1
P29,37,M,46,5,0,2,1
P29,37,M,47,4,0,2,1
P29,37,M,48,5,0,1,1
P29,37,M,49,4,0,1,1
P29,37,M,50,4,1,2,1
P29,37,M,51,4,0,2,1
P29,37,M,52,5,0,1,2
P29,37,M,53,4,0,2,1
P29,37,M,54,5,0,2,1
P29,37,M,55,6,0,1,1
P29,37,M,56,2,1,2,1
P29,37,M,57,5,0,2,1
P29,37,M,58,5,0,1,1
P29,37,M,59,5,0,2,1
P29,37,M,60,5,0,2,1
P29,37,M,61,4,0,2,1
P29,37,M,62,4,0,2,1
P29,37,M,63,4,0,2,1
P29,37,M,64,4,0,2,1
P29,37,M,65,5,0,2,2
P29,37,M,66,4,0,2,2
P29,37,M,67,4,0,2,1
P29,37,M,68,4,0,2,0
P29,37,M,69,5,0,2,1
P29,37,M,70,4,0,2,1
P29,37,M,71,5,0,2,1
P29,37,M,72,5,0,2,1
P29,37,M,73,4,0,2,1
P29,37,M,74,4,0,2,1
P29,37,M,75,4,0,2,1
P29,37,M,76,4,0,2,1
P29,37,M,77,4,0,2,1
P29,37,M,78,4,0,2,1
P29,37,M,79,4,0,2,1
P29,37,M,80,4,0,2,1
P29,37,M,81,4,0,2,1
P29,37,M,82,4,0,2,1
P29,37,M,83,4,0,2,1
P29,37,M,84,4,0,2,1
P29,37,M,85,4,0,2,1
P29,37,M,86,4,0,2,1
P29,37,M,87,4,0,2,1
P29,37,M,88,4,0,2,1
P29,37,M,89,4,0,2,1
P29,37,M,90,5,0,2,1
P29,37,M,91,4,0,2,1
P29,37,M,92,4,0,2,1
P29,37,M,93,4,0,2,1
P29,37,M,94,4,0,2,1
P29,37,M,95,4,0,2,1
P29,37,M,96,5,0,2,1
P29,37,M,97,4,0,2,1
P29,37,M,98,4,0,2,1
P29,37,M,99,4,0,2,1
P29,37,M,100,7,0,2,1
P30,51,M,24,14,11,2,1
P30,51,M,25,14,0,1,1
P30,51,M,26,7,14,2,1
P30,51,M,28,13,3,4,2
P30,51,M,29,9,1,0,2
P30,51,M,32,7,10,3,2
P30,51,M,33,14,5,3,3
P30,51,M,34,11,6,1,3
P30,51,M,35,8,8,4,0
P30,51,M,36,0,0,1,0
P30,51,M,37,7,10,4,1
P30,51,M,38,9,10,3,2
P30,51,M,39,11,2,2,2
P30,51,M,40,6,7,4,1
P30,51,M,41,9,4,1,1
P30,51,M,42,9,6,3,0
P30,51,M,43,9,6,3,2
P30,51,M,44,8,8,2,1
P30,51,M,45,13,4,1,3
P30,51,M,46,7,7,4,1
P30,51,M,47,8,3,2,1
P30,51,M,48,11,7,3,3
P30,51,M,49,11,7,3,0
P30,51,M,51,8,7,3,2
P30,51,M,52,7,11,3,1
P30,51,M,53,8,12,3,0
P30,51,M,54,8,11,4,0
P30,51,M,55,8,8,4,2
P30,51,M,56,6,14,1,0
P30,51,M,57,6,14,4,0
P30,51,M,58,9,11,2,1
P30,51,M,59,10,8,2,2
P30,51,M,60,10,2,3,3
P30,51,M,61,5,11,4,1
P30,51,M,62,9,9,4,0
P30,51,M,63,7,5,1,1
P30,51,M,65,3,13,0,0
P30,51,M,66,5,9,2,1
P30,51,M,67,4,1,0,0
P30,51,M,68,3,5,1,0
P30,51,M,70,5,13,3,0
P30,51,M,71,7,14,3,1
P30,51,M,72,9,3,3,2
P30,51,M,73,5,13,3,2
P30,51,M,75,8,8,3,2
P30,51,M,76,7,9,4,2
P30,51,M,77,10,12,2,2
P30,51,M,78,8,13,1,2
P30,51,M,81,17,3,3,3
P30,51,M,82,10,8,2,1
P30,51,M,83,9,9,3,2
P30,51,M,84,10,10,3,1
P30,51,M,85,13,9,3,2
P30,51,M,86,8,8,2,1
P30,51,M,87,9,13,3,1
P30,51,M,88,10,7,3,2
P30,51,M,89,12,7,3,3
P30,51,M,90,9,10,3,1
P30,51,M,91,13,8,2,1
P30,51,M,92,8,12,2,2
P30,51,M,93,5,11,3,0
P30,51,M,94,11,8,2,3
P30,51,M,95,11,6,3,1
P30,51,M,96,12,5,3,2
P30,51,M,97,10,13,3,1
P30,51,M,98,9,11,1,1
P30,51,M,99,6,14,2,1
P30,51,M,100,7,9,3,1
P31,24,M,1,11,6,2,2
P31,24,M,2,9,7,1,2
P31,24,M,3,9,4,1,2
P31,24,M,6,9,4,2,2
P31,24,M,7,10,3,2,2
P31,24,M,8,9,7,2,2
P31,24,M,9,8,5,2,2
P31,24,M,11,7,4,2,2
P31,24,M,12,8,4,2,2
P31,24,M,13,7,9,1,2
P31,24,M,14,7,4,2,2
P31,24,M,15,7,4,1,2
P31,24,M,16,9,4,2,2
P31,24,M,17,9,5,0,2
P31,24,M,18,8,3,3,3
P31,24,M,19,8,6,2,3
P31,24,M,20,6,6,2,2
P31,24,M,22,8,5,3,2
P31,24,M,24,7,4,2,2
P31,24,M,25,7,3,3,3
P31,24,M,26,7,3,3,3
P31,24,M,27,7,3,1,2
P31,24,M,33,10,6,3,3
P31,24,M,39,11,6,2,2
P31,24,M,49,15,3,1,2
P31,24,M,57,12,3,2,3
P31,24,M,58,13,2,2,3
P31,24,M,61,10,0,2,3
P31,24,M,62,12,0,2,2
P31,24,M,63,9,0,2,3
P31,24,M,65,8,2,2,2
P31,24,M,66,9,3,2,2
P31,24,M,68,9,3,2,2
P31,24,M,69,8,4,2,2
P31,24,M,70,7,3,2,2
P31,24,M,71,7,3,2,2
P31,24,M,72,9,4,3,2
P31,24,M,73,8,4,2,2
P31,24,M,74,10,1,0,2
P31,24,M,75,8,2,1,2
P31,24,M,76,5,3,1,2
P31,24,M,78,7,2,2,2
P31,24,M,79,3,3,1,2
P31,24,M,80,2,3,1,2
P32,21,F,1,2,11,1,0
P32,21,F,2,3,8,0,0
P32,21,F,4,4,14,1,1
P32,21,F,5,3,5,2,2
P32,21,F,10,4,8,2,2
P32,21,F,11,3,11,1,1
P32,21,F,17,4,10,2,2
P32,21,F,19,3,10,1,1
P32,21,F,21,1,7,1,1
P32,21,F,23,1,8,1,1
P32,21,F,24,0,15,0,0
P32,21,F,28,1,8,2,0
P32,21,F,31,2,4,1,2
P32,21,F,34,2,4,2,0
P32,21,F,35,2,4,2,0
P32,21,F,36,2,4,1,0
P32,21,F,38,1,14,1,1
P32,21,F,39,2,15,0,1
P32,21,F,43,3,9,2,2
P32,21,F,50,1,15,1,1
P32,21,F,51,1,8,4,1
P32,21,F,52,1,5,1,1
P32,21,F,53,1,18,0,3
P32,21,F,55,0,12,1,1
P32,21,F,60,1,13,0,2
P32,21,F,62,1,6,1,1
P32,21,F,63,0,4,1,0
P32,21,F,65,1,6,2,1
P32,21,F,66,0,9,1,0
P32,21,F,69,0,6,2,2
P32,21,F,72,3,8,1,2
P32,21,F,75,1,5,1,2
P32,21,F,77,2,4,1,2
P32,21,F,79,3,10,1,2
P32,21,F,84,2,13,1,1
P32,21,F,92,1,11,1,2
P32,21,F,93,1,14,1,1
P33,36,M,1,10,7,4,2
P33,36,M,2,6,5,4,0
P33,36,M,3,6,1,4,2
P33,36,M,4,5,1,4,0
P33,36,M,5,6,0,3,0
P33,36,M,6,4,1,4,0
P33,36,M,7,3,1,4,0
P33,36,M,8,5,2,3,2
P33,36,M,9,7,2,3,0
P33,36,M,10,10,2,3,2
P33,36,M,11,9,2,3,2
P33,36,M,12,9,1,3,3
P33,36,M,13,9,1,3,2
P33,36,M,14,9,3,3,2
P33,36,M,15,11,0,0,3
P33,36,M,17,10,3,3,2
P33,36,M,18,5,4,4,0
P33,36,M,19,7,1,4,0
P33,36,M,20,11,1,3,1
P33,36,M,21,14,5,3,1
P33,36,M,23,13,6,3,3
P33,36,M,24,14,5,3,2
P33,36,M,25,17,1,3,3
P33,36,M,26,13,6,1,4
P33,36,M,27,15,3,3,2
P33,36,M,28,12,3,3,2
P33,36,M,30,10,1,3,2
P33,36,M,31,12,1,3,3
P33,36,M,33,10,5,3,0
P33,36,M,34,11,4,3,3
P33,36,M,35,11,3,3,0
P33,36,M,36,14,9,3,3
P33,36,M,37,11,6,3,2
P33,36,M,38,12,4,3,0
P33,36,M,40,7,3,3,2
P33,36,M,41,14,4,3,2
P33,36,M,43,14,8,3,3
P33,36,M,44,12,5,3,2
P33,36,M,45,7,5,3,0
P33,36,M,46,8,6,3,0
P33,36,M,48,11,3,3,2
P33,36,M,49,11,2,3,0
P33,36,M,51,13,4,3,2
P33,36,M,52,10,5,3,0
P33,36,M,53,9,5,2,2
P33,36,M,54,1,3,4,0
P33,36,M,55,5,2,3,0
P33,36,M,57,9,6,3,0
P33,36,M,58,13,3,3,3
P33,36,M,61,11,8,3,3
P33,36,M,62,10,4,3,0
P33,36,M,63,12,2,3,2
P33,36,M,65,7,3,2,2
P33,36,M,66,13,3,3,2
P33,36,M,67,5,4,3,2
P33,36,M,69,7,7,3,0
P33,36,M,71,5,7,2,2
P33,36,M,74,5,3,2,2
P33,36,M,76,12,3,2,3
P33,36,M,79,2,2,2,2
P33,36,M,81,10,1,2,2
P33,36,M,83,8,1,2,2
P33,36,M,88,6,1,2,2
P34,23,F,1,5,6,4,2
P34,23,F,2,8,8,1,3
P34,23,F,4,2,16,4,3
P34,23,F,5,11,7,2,3
P34,23,F,9,7,9,1,2
P34,23,F,11,12,11,3,3
P34,23,F,12,8,5,4,3
P34,23,F,13,7,3,2,3
P34,23,F,16,7,4,4,2
P34,23,F,17,9,3,2,3
P34,23,F,20,9,6,4,1
P34,23,F,22,8,7,4,1
P34,23,F,39,11,11,3,3
P34,23,F,40,8,6,4,3
P34,23,F,44,4,2,4,3
P34,23,F,47,6,17,4,3
P34,23,F,56,8,1,2,3
P34,23,F,90,10,6,4,3
P35,24,F,1,2,5,4,1
P35,24,F,2,4,2,2,1
P35,24,F,13,5,9,4,2
P35,24,F,14,2,6,4,1
P35,24,F,15,3,7,4,1
P35,24,F,16,2,8,4,1
P35,24,F,17,2,6,4,1
P35,24,F,20,2,8,4,0
P35,24,F,21,2,7,4,1
P35,24,F,22,3,6,4,1
P35,24,F,23,2,6,4,1
P35,24,F,24,2,7,4,1
P35,24,F,28,2,7,4,1
P35,24,F,29,2,8,4,1
P35,24,F,30,2,7,4,1
P35,24,F,31,3,6,4,1
P35,24,F,35,2,4,4,1
P35,24,F,36,1,9,4,1
P35,24,F,38,5,8,4,1
P35,24,F,41,3,9,3,1
P35,24,F,42,2,10,4,1
P35,24,F,44,2,7,2,2
P35,24,F,45,3,8,2,1
P35,24,F,48,3,9,2,2
P35,24,F,51,1,7,2,1
P35,24,F,52,3,9,2,1
P35,24,F,55,3,11,2,1
P35,24,F,56,3,10,2,0
P35,24,F,57,1,9,2,1
P35,24,F,58,2,8,2,1
P35,24,F,62,3,10,2,1
P35,24,F,63,2,12,2,0
P35,24,F,64,2,10,2,0
P35,24,F,66,2,7,2,1
P35,24,F,71,2,10,2,0
P35,24,F,72,1,8,2,0
P35,24,F,73,1,5,2,1
P35,24,F,78,1,8,2,0
P35,24,F,80,1,6,2,0
P35,24,F,81,1,10,2,0
P35,24,F,82,1,8,2,0
P35,24,F,83,1,4,1,0
P35,24,F,85,1,5,4,0
P35,24,F,86,1,5,2,0
P35,24,F,91,1,5,4,0
P35,24,F,92,2,5,4,1
P35,24,F,93,2,3,4,0
P35,24,F,94,1,4,4,1
P35,24,F,97,1,3,2,1
P35,24,F,98,1,5,2,0
P35,24,F,99,1,2,2,0
P35,24,F,100,1,5,2,0
P36,22,F,1,3,6,1,2
P36,22,F,2,2,2,1,0
P36,22,F,3,1,6,3,0
P36,22,F,4,4,8,1,0
P36,22,F,5,4,5,1,1
P36,22,F,7,7,7,1,1
P36,22,F,8,2,3,1,0
P36,22,F,10,5,2,1,3
P36,22,F,11,4,2,2,3
P36,22,F,12,4,1,1,1
P36,22,F,14,1,2,1,0
P36,22,F,17,6,2,3,3
P36,22,F,20,8,3,1,3
P36,22,F,30,10,8,2,2
P36,22,F,40,4,0,1,2
P36,22,F,49,7,0,2,3
P37,35,F,6,9,7,3,2
P37,35,F,8,12,6,1,4
P37,35,F,10,11,10,1,2
P37,35,F,12,7,19,1,1
P37,35,F,17,10,7,2,2
P37,35,F,25,12,4,3,2
P37,35,F,43,10,0,2,2
P37,35,F,46,11,2,3,2
P37,35,F,58,11,0,2,0
P37,35,F,73,9,3,2,0
P37,35,F,89,12,0,3,3
P38,28,M,2,11,11,2,2
P38,28,M,29,11,6,4,2
P38,28,M,30,10,1,4,3
P38,28,M,31,8,1,4,3
P38,28,M,32,11,2,4,2
P38,28,M,33,10,9,3,3
P38,28,M,34,12,6,4,3
P38,28,M,36,6,5,3,3
P38,28,M,37,9,10,4,3
P38,28,M,39,12,10,3,2
P38,28,M,41,8,6,4,2
P38,28,M,42,11,13,4,2
P38,28,M,43,9,3,3,2
P38,28,M,44,10,12,3,2
P38,28,M,46,9,3,3,2
P38,28,M,47,11,2,3,2
P38,28,M,48,8,0,3,2
P38,28,M,49,8,1,3,2
P38,28,M,50,7,6,3,2
P38,28,M,51,8,3,3,2
P38,28,M,52,9,3,3,2
P38,28,M,53,10,6,3,2
P38,28,M,54,12,9,4,2
P38,28,M,55,7,2,3,2
P38,28,M,56,5,9,4,2
P38,28,M,57,9,9,2,2
P38,28,M,58,11,6,2,2
P38,28,M,59,10,12,3,2
P38,28,M,60,9,4,3,2
P38,28,M,61,7,7,3,2
P38,28,M,62,11,6,3,2
P38,28,M,63,11,9,3,2
P38,28,M,64,10,11,3,2
P38,28,M,65,10,12,3,2
P38,28,M,66,8,6,2,2
P38,28,M,68,9,3,3,2
P38,28,M,69,10,10,3,2
P38,28,M,70,11,8,3,2
P38,28,M,71,6,8,3,2
P38,28,M,72,9,11,3,2
P38,28,M,73,9,8,3,2
P38,28,M,75,10,12,4,2
P38,28,M,76,8,8,3,2
P38,28,M,77,12,11,3,2
P38,28,M,78,9,2,3,3
P38,28,M,79,11,5,3,3
P38,28,M,80,11,0,3,2
P38,28,M,81,7,3,3,2
P38,28,M,83,7,7,3,2
P38,28,M,84,9,2,3,2
P38,28,M,86,7,7,3,2
P38,28,M,88,10,1,3,3
P38,28,M,89,6,3,3,2
P38,28,M,90,10,6,3,3
P38,28,M,91,7,2,3,2
P38,28,M,93,8,7,3,2
P38,28,M,94,5,3,4,2
P38,28,M,95,6,5,3,2
P38,28,M,96,10,7,3,2
P38,28,M,97,2,2,3,2
P38,28,M,98,7,2,3,2
P38,28,M,99,8,2,3,2
P39,20,F,1,12,10,4,2
P39,20,F,2,6,5,3,2
P39,20,F,3,4,7,3,2
P39,20,F,5,13,4,3,2
P39,20,F,6,9,3,3,2
P39,20,F,7,12,3,3,3
P39,20,F,8,9,0,3,3
P39,20,F,9,11,3,3,3
P39,20,F,14,10,5,2,3
P39,20,F,15,5,2,2,2
P39,20,F,16,6,3,3,3
P39,20,F,44,9,4,3,3
P40,29,F,16,6,17,1,3
P40,29,F,17,3,12,4,1
P40,29,F,18,0,10,4,3
P40,29,F,19,0,7,2,0
P40,29,F,20,2,12,2,1
P40,29,F,22,12,12,3,3
P40,29,F,23,3,11,1,3
P40,29,F,24,10,19,3,3
P40,29,F,26,2,15,1,3
P40,29,F,27,2,22,1,0
P40,29,F,30,1,12,3,1
P40,29,F,33,0,20,4,0
P40,29,F,35,5,13,2,3
P40,29,F,37,6,6,2,3
P40,29,F,39,2,16,3,1
P40,29,F,40,10,10,3,3
P40,29,F,41,5,12,3,3
P40,29,F,42,3,20,4,0
P40,29,F,43,3,7,1,3
P40,29,F,44,2,10,2,3
P40,29,F,47,3,20,2,3
P40,29,F,48,0,18,1,1
P40,29,F,49,8,7,1,3
P40,29,F,57,6,10,2,2
P40,29,F,58,11,10,4,3
P40,29,F,59,4,8,2,3
P40,29,F,60,6,5,1,3
P40,29,F,61,0,9,4,0
P40,29,F,62,2,17,4,0
P40,29,F,64,12,11,1,3
P40,29,F,65,3,10,1,3
P40,29,F,66,5,5,2,1
P40,29,F,67,2,11,1,3
P40,29,F,68,1,6,1,0
P40,29,F,70,3,9,2,2
P40,29,F,71,2,10,2,1
P40,29,F,73,2,19,2,0
P40,29,F,74,6,9,3,1
P40,29,F,75,7,2,1,3
P40,29,F,77,5,9,1,3
P40,29,F,78,6,10,1,1
P40,29,F,79,0,15,2,1
P40,29,F,80,5,13,2,3
P40,29,F,81,2,18,2,0
P40,29,F,82,3,10,2,1
P40,29,F,83,4,17,1,1
P40,29,F,84,4,6,2,1
P40,29,F,86,1,15,2,1
P40,29,F,87,2,17,2,0
P40,29,F,88,2,15,1,3
P40,29,F,90,3,8,2,1
P40,29,F,91,11,1,2,4
P40,29,F,94,2,8,3,0
P40,29,F,95,5,7,1,3
P40,29,F,96,3,16,1,1
P40,29,F,97,2,19,1,0
P40,29,F,98,3,21,1,3
P40,29,F,99,0,9,2,1
P40,29,F,100,4,12,1,1
P41,19,F,1,15,5,1,0
P41,19,F,2,12,7,1,3
P41,19,F,4,3,20,3,0
P41,19,F,5,1,18,3,0
P41,19,F,7,17,2,3,2
P41,19,F,8,16,2,3,0
P41,19,F,9,16,8,1,2
P41,19,F,10,6,17,1,3
P41,19,F,11,0,15,2,0
P41,19,F,12,1,11,2,0
P41,19,F,13,1,7,3,0
P41,19,F,15,1,8,4,0
P41,19,F,16,1,11,4,0
P41,19,F,17,2,17,2,0
P41,19,F,18,2,12,4,2
P41,19,F,19,7,7,3,0
P41,19,F,20,13,3,1,0
P41,19,F,21,7,7,0,2
P41,19,F,23,15,5,1,0
P41,19,F,26,13,0,1,3
P41,19,F,27,18,1,3,2
P41,19,F,28,13,4,1,1
P41,19,F,29,14,4,3,3
P41,19,F,31,13,15,2,3
P41,19,F,32,3,18,1,2
P41,19,F,33,5,15,2,2
P41,19,F,35,3,11,4,0
P41,19,F,37,5,9,3,2
P41,19,F,38,2,10,4,1
P41,19,F,39,4,10,3,1
P41,19,F,40,6,8,3,0
P41,19,F,43,3,8,4,0
P41,19,F,44,1,7,2,0
P41,19,F,45,6,3,2,3
P41,19,F,46,5,7,2,1
P41,19,F,51,6,6,3,1
P41,19,F,53,13,1,2,1
P41,19,F,54,5,2,1,0
P41,19,F,56,7,3,2,4
P41,19,F,58,8,0,2,1
P41,19,F,59,9,6,1,2
P41,19,F,61,4,12,1,1
P41,19,F,68,5,0,2,1
P41,19,F,71,9,0,2,2
P41,19,F,72,9,0,2,2
P41,19,F,73,3,8,3,0
P41,19,F,75,4,2,2,2
P41,19,F,79,13,1,2,1
P41,19,F,81,3,2,4,1
P41,19,F,88,3,1,2,1
P41,19,F,93,2,4,3,2
P41,19,F,94,3,5,1,1
P41,19,F,95,4,1,2,2
P41,19,F,99,7,2,2,1
P42,20,M,1,4,9,2,1
P42,20,M,3,8,3,2,1
P43,26,F,8,9,4,3,1
P43,26,F,9,6,4,2,1
P43,26,F,10,9,3,2,1
P43,26,F,11,11,2,3,1
P43,26,F,12,8,1,2,1
P43,26,F,13,5,2,2,1
P43,26,F,14,7,2,3,1
P43,26,F,15,4,3,4,1
P43,26,F,16,6,3,2,1
P43,26,F,17,8,0,3,2
P43,26,F,18,6,4,1,2
P43,26,F,19,1,3,1,1
P43,26,F,20,4,3,2,1
P43,26,F,21,5,4,2,1
P43,26,F,23,9,1,1,2
P43,26,F,24,7,7,2,1
P43,26,F,26,8,7,2,1
P43,26,F,27,5,3,2,2
P43,26,F,29,7,2,2,1
P43,26,F,31,10,3,2,2
P43,26,F,33,4,3,2,1
P43,26,F,34,4,6,2,2
P43,26,F,37,8,2,2,1
P43,26,F,38,9,3,2,2
P43,26,F,41,2,0,2,1
P43,26,F,44,8,2,3,1
P43,26,F,47,9,4,2,2
P43,26,F,48,9,2,4,2
P43,26,F,52,9,5,3,1
P43,26,F,54,8,2,3,2
P43,26,F,55,7,2,3,2
P43,26,F,56,7,6,3,3
P43,26,F,60,7,5,3,2
P43,26,F,62,9,0,3,2
P44,27,F,15,6,14,0,1
P44,27,F,21,3,16,0,1
P44,27,F,32,1,11,0,1
P44,27,F,38,1,16,0,1
P44,27,F,40,3,15,0,1
P44,27,F,53,8,9,0,3
P44,27,F,62,4,19,0,1
P44,27,F,71,4,16,0,1
P45,23,M,4,8,1,2,0
P45,23,M,7,6,0,2,0
P45,23,M,8,2,2,0,0
P45,23,M,9,4,0,2,0
P45,23,M,11,3,0,2,0
P45,23,M,12,5,0,0,1
P45,23,M,13,5,0,2,0
P45,23,M,14,5,0,2,0
P45,23,M,15,6,0,2,0
P45,23,M,17,5,0,0,0
P45,23,M,18,5,0,2,0
P45,23,M,19,5,0,2,0
P45,23,M,20,5,0,2,0
P45,23,M,22,5,0,2,0
P45,23,M,26,5,0,2,0
P45,23,M,27,5,0,2,0
P45,23,M,28,5,0,2,2
P45,23,M,29,6,0,2,0
P45,23,M,31,5,0,2,0
P45,23,M,32,5,0,2,0
P45,23,M,33,5,0,0,0
P45,23,M,34,5,0,2,0
P45,23,M,36,5,0,3,0
P45,23,M,37,5,0,2,0
P45,23,M,38,5,0,2,0
P45,23,M,39,5,0,2,0
P45,23,M,42,5,0,2,0
P45,23,M,43,4,0,2,0
P45,23,M,45,5,0,2,0
P45,23,M,47,5,0,2,0
P45,23,M,48,5,0,2,0
P45,23,M,49,4,0,2,0
P45,23,M,51,5,0,2,0
P45,23,M,52,5,0,2,0
P45,23,M,53,5,0,2,0
P45,23,M,54,5,0,2,0
P45,23,M,55,5,0,2,0
P45,23,M,56,5,0,2,0
P45,23,M,57,4,0,2,0
P45,23,M,58,5,0,2,0
P45,23,M,59,4,0,2,0
P45,23,M,61,5,0,2,0
P45,23,M,62,5,0,2,0
P45,23,M,64,5,0,2,0
P45,23,M,65,4,0,2,0
P45,23,M,66,5,0,2,0
P45,23,M,68,5,0,2,0
P45,23,M,69,4,1,2,0
P45,23,M,70,6,0,2,0
P45,23,M,73,5,0,3,0
P45,23,M,75,5,0,2,0
P45,23,M,76,5,0,2,0
P45,23,M,77,5,0,2,0
P45,23,M,79,5,0,2,0
P45,23,M,80,5,0,2,2
P45,23,M,81,6,0,2,0
P45,23,M,82,5,0,2,0
P45,23,M,83,5,0,3,2
P45,23,M,84,4,0,2,0
P45,23,M,85,6,0,2,0
P45,23,M,86,5,0,2,0
P45,23,M,88,5,0,2,0
P45,23,M,89,5,0,2,0
P45,23,M,91,5,0,2,2
P45,23,M,92,5,0,2,0
P45,23,M,93,5,0,2,0
P45,23,M,94,5,0,2,0
P45,23,M,98,6,0,2,0
P45,23,M,99,5,0,2,0
P45,23,M,100,6,0,2,0
P46,41,M,4,5,11,1,1
P46,41,M,6,4,11,1,1
P46,41,M,47,7,10,1,0
P46,41,M,48,5,12,2,0
P46,41,M,52,5,9,2,0
P46,41,M,59,3,8,2,0
P46,41,M,71,5,11,2,0
P46,41,M,77,12,10,2,1
P46,41,M,84,6,6,1,2
P46,41,M,86,14,1,2,3
P46,41,M,91,9,1,1,2
P47,29,M,4,4,12,4,0
P47,29,M,5,7,9,2,1
P47,29,M,7,5,9,2,2
P47,29,M,10,1,17,4,1
P47,29,M,12,3,12,4,0
P47,29,M,13,1,15,2,1
P47,29,M,15,4,6,4,1
P47,29,M,17,1,12,4,1
P47,29,M,19,6,12,2,2
P47,29,M,24,7,9,4,2
P47,29,M,26,7,5,4,2
P47,29,M,27,6,12,4,1
P47,29,M,30,2,13,4,2
P47,29,M,31,7,7,2,3
P47,29,M,32,10,7,0,2
P47,29,M,40,0,17,4,0
P47,29,M,43,8,8,4,2
P47,29,M,46,1,18,4,0
P47,29,M,51,6,6,4,3
P47,29,M,55,3,9,4,1
P47,29,M,58,1,17,4,2
P47,29,M,59,3,18,4,1
P47,29,M,64,6,13,4,2
P47,29,M,66,6,15,4,1
P47,29,M,68,8,12,0,3
P47,29,M,74,4,15,4,1
P47,29,M,77,5,19,4,1
P48,20,F,1,11,3,3,3
P48,20,F,2,9,10,1,3
P48,20,F,3,5,8,1,1
P48,20,F,4,5,7,1,1
P48,20,F,6,7,6,1,2
P48,20,F,7,12,5,2,3
P48,20,F,8,11,5,0,3
P48,20,F,9,8,8,1,1
P49,22,M,1,11,8,3,2
P49,22,M,2,7,2,2,3
P49,22,M,3,12,2,2,3
P49,22,M,4,12,0,1,4
P49,22,M,5,14,0,3,4
P49,22,M,6,14,0,2,3
P49,22,M,7,15,5,2,4
P49,22,M,10,14,4,2,3
P49,22,M,11,13,3,2,3
P49,22,M,12,13,6,1,3
P49,22,M,19,13,5,2,3
P49,22,M,22,14,5,2,3
P49,22,M,24,14,5,3,3
P49,22,M,26,13,4,2,3
P49,22,M,27,8,16,0,3
P49,22,M,28,16,4,3,3
P49,22,M,29,13,7,3,3
P49,22,M,32,12,4,2,3
P49,22,M,33,18,10,2,3
P50,34,F,1,7,2,2,2
P50,34,F,2,6,4,2,2
P50,34,F,3,3,4,4,2
P50,34,F,4,2,6,1,0
P50,34,F,5,9,0,1,4
P50,34,F,6,8,2,1,4
P50,34,F,7,6,11,1,2
P50,34,F,8,5,3,4,2
P50,34,F,9,4,12,1,2
P50,34,F,10,4,4,1,2
P50,34,F,11,3,8,4,0
P50,34,F,12,1,6,2,0
P50,34,F,13,5,6,1,3
P50,34,F,14,6,10,2,2
P50,34,F,15,5,7,2,1
P50,34,F,16,9,0,2,2
P50,34,F,17,9,4,3,3
P50,34,F,18,10,7,2,1
P50,34,F,19,6,3,4,2
P50,34,F,20,6,1,1,4
P50,34,F,21,9,6,2,4
P50,34,F,22,10,1,4,1
P50,34,F,23,10,5,2,3
P50,34,F,24,5,3,1,4
P50,34,F,25,5,8,2,1
P50,34,F,26,7,1,1,2
P50,34,F,27,8,5,2,4
P50,34,F,28,6,5,2,2
P50,34,F,29,6,5,2,2
P50,34,F,30,6,5,1,3
P50,34,F,31,1,2,3,0
P50,34,F,32,5,6,3,2
P50,34,F,33,4,5,3,1
P50,34,F,34,1,1,3,1
P50,34,F,35,6,6,3,1
P50,34,F,36,8,7,4,2
P50,34,F,37,7,8,3,1
P50,34,F,38,0,12,2,1
P50,34,F,40,5,5,3,1
P50,34,F,41,1,1,3,1
P50,34,F,42,6,6,2,2
P50,34,F,43,4,8,1,2
P50,34,F,44,6,6,4,2
P50,34,F,45,0,2,1,2
P50,34,F,46,0,0,1,1
P50,34,F,47,2,0,2,3
P50,34,F,48,6,5,1,3
P50,34,F,49,6,5,2,2
P50,34,F,50,2,3,4,1
P50,34,F,51,4,0,3,2
P50,34,F,52,5,6,2,2
P50,34,F,53,4,6,1,2
P50,34,F,54,7,5,1,4
P50,34,F,55,5,6,1,2
P50,34,F,56,5,6,1,2
P50,34,F,57,3,7,1,2
P50,34,F,58,5,6,2,1
P50,34,F,59,5,6,1,2
P50,34,F,60,7,7,1,1
P50,34,F,61,0,0,1,1
P50,34,F,62,8,6,1,2
P50,34,F,63,2,11,3,2
P50,34,F,64,5,4,2,1
P50,34,F,65,9,6,2,2
P50,34,F,66,11,6,2,2
P50,34,F,67,10,6,2,2
P50,34,F,68,4,5,1,2
P50,34,F,69,6,11,2,4
P50,34,F,70,5,8,2,1
P50,34,F,71,7,5,3,2
P50,34,F,72,7,6,1,2
P50,34,F,73,6,6,2,2
P50,34,F,74,6,10,1,2
P50,34,F,75,7,2,2,2
P50,34,F,76,1,2,3,2
P50,34,F,77,9,9,1,2
P50,34,F,78,8,9,1,2
P50,34,F,79,11,8,1,2
P50,34,F,80,8,7,1,2
P50,34,F,81,6,7,2,2
P50,34,F,82,5,5,1,2
P50,34,F,83,5,6,2,2
P50,34,F,84,5,6,1,1
P50,34,F,85,10,6,2,2
P50,34,F,86,11,7,2,2
P50,34,F,87,12,6,1,2
P50,34,F,88,7,6,1,2
P50,34,F,89,7,7,1,2
P50,34,F,90,5,5,1,2
P50,34,F,91,11,9,1,2
P50,34,F,92,7,6,2,2
P50,34,F,93,8,7,2,2
P50,34,F,94,8,8,2,2
P50,34,F,95,6,6,1,2
P50,34,F,96,4,6,1,2
P50,34,F,97,5,6,1,2
P50,34,F,99,7,5,1,2
P50,34,F,100,6,8,1,2
P51,26,F,36,8,1,3,2
P51,26,F,44,12,0,3,3
P51,26,F,67,10,0,3,2
P51,26,F,92,9,0,3,0
P52,25,M,3,6,2,0,2
P52,25,M,4,5,5,1,0
P52,25,M,5,3,8,1,1
P52,25,M,6,4,7,2,2
P52,25,M,7,7,7,2,2
P52,25,M,8,1,10,2,1
P52,25,M,9,5,7,4,2
P52,25,M,11,8,4,2,3
P52,25,M,13,9,1,2,3
P52,25,M,18,7,17,1,1
P52,25,M,19,5,16,0,1
P52,25,M,21,3,9,2,0
P52,25,M,22,5,5,2,2
P52,25,M,23,9,5,2,2
P52,25,M,29,5,5,2,1
P52,25,M,31,8,4,4,1
P52,25,M,37,5,2,4,0
P52,25,M,38,6,4,2,2
P52,25,M,40,8,1,2,2
P52,25,M,41,5,4,4,2
P52,25,M,54,7,2,2,2
P52,25,M,61,11,3,1,2
P52,25,M,63,6,0,2,2
P52,25,M,66,10,1,2,2
P52,25,M,69,5,0,1,2
P52,25,M,93,9,1,2,2
P53,26,F,11,10,4,2,3
P53,26,F,12,9,5,3,3
P53,26,F,19,4,10,1,3
P53,26,F,21,3,6,1,1
P53,26,F,22,5,6,1,3
P53,26,F,24,5,3,3,3
P53,26,F,25,10,4,3,2
P53,26,F,26,9,5,3,2
P53,26,F,45,10,1,2,2
P53,26,F,55,10,5,2,1
P53,26,F,76,11,2,2,1
P53,26,F,82,2,6,2,2
P53,26,F,86,9,2,3,0
P53,26,F,93,11,2,3,1
P54,26,F,69,1,2,2,0
P54,26,F,71,9,10,0,2
P55,48,F,1,5,6,1,1
P55,48,F,2,5,4,2,2
P55,48,F,3,5,2,1,3
P55,48,F,4,5,0,2,3
P55,48,F,5,7,1,2,2
P55,48,F,6,7,2,2,2
P55,48,F,7,2,1,1,2
P55,48,F,8,7,1,1,3
P55,48,F,9,8,0,1,3
P55,48,F,10,14,0,2,3
P55,48,F,11,12,0,2,3
P55,48,F,12,14,0,3,3
P55,48,F,13,12,1,2,3
P55,48,F,14,12,1,3,4
P55,48,F,15,6,1,1,2
P55,48,F,16,11,1,3,2
P55,48,F,17,10,0,3,2
P55,48,F,18,9,1,2,2
P55,48,F,19,8,0,1,3
P55,48,F,20,12,1,2,3
P55,48,F,21,8,1,2,3
P55,48,F,22,11,4,1,2
P55,48,F,23,10,1,1,3
P55,48,F,24,11,3,2,2
P55,48,F,25,11,2,2,2
P55,48,F,26,8,7,2,2
P55,48,F,27,10,3,3,2
P55,48,F,28,6,1,1,2
P55,48,F,29,8,1,1,1
P55,48,F,30,4,3,1,1
P55,48,F,32,8,0,3,2
P55,48,F,33,7,1,2,2
P55,48,F,34,8,1,1,1
P55,48,F,35,10,1,2,2
P55,48,F,36,5,2,2,1
P55,48,F,37,6,1,2,2
P55,48,F,39,6,2,2,1
P55,48,F,40,11,2,3,2
P55,48,F,41,9,3,2,2
P55,48,F,42,6,2,2,2
P55,48,F,43,8,0,2,2
P55,48,F,44,8,2,2,2
P55,48,F,45,9,1,2,2
P55,48,F,46,10,0,2,3
P55,48,F,47,10,1,2,2
P55,48,F,48,9,1,3,3
P55,48,F,49,10,2,3,3
P55,48,F,50,11,2,3,4
P55,48,F,51,4,2,3,1
P55,48,F,52,5,0,2,2
P55,48,F,53,9,4,3,1
P55,48,F,54,10,0,3,1
P55,48,F,55,8,2,3,1
P55,48,F,56,3,1,2,3
P55,48,F,57,6,0,2,1
P55,48,F,58,3,0,2,1
P55,48,F,59,3,1,4,2
P55,48,F,61,5,3,4,1
P55,48,F,62,5,2,1,1
P55,48,F,63,2,4,2,1
P55,48,F,64,9,2,1,2
P55,48,F,66,9,1,4,3
P55,48,F,67,7,0,4,2
P55,48,F,69,6,1,3,2
P55,48,F,70,3,5,3,1
P55,48,F,71,7,1,3,2
P55,48,F,73,8,1,3,2
P55,48,F,74,6,3,3,2
P55,48,F,75,7,0,3,2
P55,48,F,76,7,1,3,2
P55,48,F,77,9,0,2,1
P55,48,F,78,8,2,2,1
P55,48,F,79,5,2,2,1
P55,48,F,81,11,0,2,3
P55,48,F,82,5,2,4,1
P55,48,F,84,8,1,0,1
P55,48,F,85,10,3,3,1
P55,48,F,86,9,2,2,2
P55,48,F,87,10,0,2,1
P55,48,F,88,6,1,2,1
P55,48,F,89,9,1,2,2
P55,48,F,90,7,2,3,0
P55,48,F,91,8,0,3,2
P55,48,F,92,10,0,3,3
P55,48,F,93,9,0,3,3
P55,48,F,94,10,3,3,3
P55,48,F,95,7,1,4,1
P55,48,F,96,9,0,2,3
P55,48,F,98,12,0,3,3
P55,48,F,99,11,1,3,3
P55,48,F,100,7,1,3,3
P56,31,F,1,1,12,2,1
P56,31,F,5,0,9,2,0
P56,31,F,6,0,3,2,1
P57,26,F,6,4,16,0,2
P57,26,F,31,3,17,1,1
P57,26,F,45,9,19,1,2
P57,26,F,53,9,16,1,2
P57,26,F,63,10,12,1,1
P57,26,F,65,7,16,1,0
P57,26,F,74,4,17,1,0
P57,26,F,76,4,19,1,1
P57,26,F,87,3,13,1,2
P57,26,F,89,8,7,2,2
P58,21,M,1,3,11,1,1
P58,21,M,2,3,10,2,2
P59,28,F,3,2,9,2,1
P59,28,F,4,2,9,2,1
P59,28,F,7,14,3,3,3
P59,28,F,10,9,1,2,3
P59,28,F,12,5,1,1,2
P59,28,F,79,7,0,4,1
P60,34,M,6,4,9,2,2
P60,34,M,8,6,8,0,1
P60,34,M,9,6,6,3,2
P60,34,M,11,11,1,3,2
P60,34,M,12,11,7,0,2
P60,34,M,13,10,4,3,2
P60,34,M,14,11,6,0,2
P60,34,M,25,4,13,4,1
P60,34,M,27,9,9,0,1
P60,34,M,28,11,4,3,2
P60,34,M,38,10,2,3,2
P60,34,M,40,6,5,3,2
P60,34,M,41,7,10,0,2
P60,34,M,42,9,3,3,2
P60,34,M,43,7,5,3,2
P61,30,F,1,10,11,4,2
P61,30,F,2,7,13,4,0
P61,30,F,3,8,10,4,0
P61,30,F,4,9,8,3,0
P61,30,F,5,10,8,3,2
P61,30,F,6,10,3,4,2
P61,30,F,7,8,7,3,1
P61,30,F,8,5,8,4,1
P61,30,F,9,5,15,2,0
P61,30,F,10,9,18,4,1
P61,30,F,11,6,12,1,3
P61,30,F,12,5,10,4,2
P61,30,F,13,10,7,1,2
P61,30,F,14,9,7,1,1
P61,30,F,15,8,10,0,1
P61,30,F,16,8,10,2,0
P61,30,F,17,6,9,1,2
P61,30,F,18,5,13,4,2
P61,30,F,19,6,7,3,3
P61,30,F,20,9,4,3,3
P61,30,F,21,7,12,1,0
P61,30,F,22,10,8,3,2
P61,30,F,23,7,11,3,1
P61,30,F,24,8,11,3,1
P61,30,F,25,9,5,3,2
P61,30,F,26,11,9,4,2
P61,30,F,27,9,9,3,1
P61,30,F,28,6,11,2,1
P61,30,F,29,10,7,3,1
P61,30,F,30,6,10,2,1
P61,30,F,31,8,11,3,2
P61,30,F,32,7,15,2,3
P61,30,F,33,8,12,2,3
P61,30,F,34,9,7,2,0
P61,30,F,35,11,5,2,2
P61,30,F,36,7,7,1,1
P61,30,F,37,11,4,2,2
P61,30,F,38,11,4,1,1
P61,30,F,39,9,5,3,2
P61,30,F,40,8,8,1,2
P61,30,F,41,9,7,3,2
P61,30,F,42,9,10,3,2
P61,30,F,43,7,5,1,0
P61,30,F,44,9,7,4,1
P61,30,F,45,7,11,4,1
P61,30,F,46,11,7,3,2
P61,30,F,47,11,6,3,3
P61,30,F,48,11,6,1,3
P61,30,F,49,8,10,2,1
P61,30,F,50,9,10,1,1
P61,30,F,51,8,11,1,2
P61,30,F,52,7,11,2,2
P61,30,F,53,7,14,2,3
P61,30,F,54,6,12,1,2
P61,30,F,55,9,14,0,1
P61,30,F,57,7,10,1,2
P61,30,F,58,9,10,3,1
P61,30,F,59,9,13,2,2
P61,30,F,60,8,12,2,2
P61,30,F,61,8,6,3,3
P61,30,F,62,9,7,4,3
P61,30,F,64,8,7,4,1
P61,30,F,65,10,9,1,1
P61,30,F,66,9,6,2,3
P61,30,F,67,4,8,4,1
P61,30,F,68,7,11,4,2
P61,30,F,69,7,9,1,2
P61,30,F,70,8,13,0,0
P61,30,F,71,10,10,3,1
P61,30,F,72,9,5,3,2
P61,30,F,75,15,5,1,2
P61,30,F,76,7,9,4,1
P61,30,F,77,7,7,1,0
P61,30,F,79,6,13,1,2
P61,30,F,80,4,11,2,3
P61,30,F,81,9,10,3,1
P61,30,F,83,7,13,4,1
P61,30,F,84,4,13,2,1
P61,30,F,85,9,8,4,2
P61,30,F,86,7,9,4,2
P61,30,F,88,7,14,2,2
P61,30,F,89,7,9,4,1
P61,30,F,90,8,10,4,2
P61,30,F,91,9,10,2,2
P61,30,F,92,8,11,2,1
P61,30,F,93,7,9,2,1
P61,30,F,94,8,12,1,2
P61,30,F,95,5,9,0,2
P61,30,F,96,6,11,1,2
P61,30,F,97,8,8,1,2
P61,30,F,98,6,10,1,2
P61,30,F,100,8,8,1,2
P62,22,M,3,2,5,1,1
P62,22,M,23,2,2,2,1
P62,22,M,29,1,3,2,0
P62,22,M,34,1,2,2,0
P62,22,M,37,3,3,1,0
P62,22,M,41,3,1,2,2
P62,22,M,45,3,2,2,1
P62,22,M,48,5,3,2,2
P62,22,M,60,5,1,2,1
P62,22,M,65,7,4,1,2
P62,22,M,68,5,2,2,1
P62,22,M,71,2,5,2,1
P62,22,M,75,5,3,2,1
P63,34,F,33,9,2,2,3
P63,34,F,44,13,0,2,0
P63,34,F,51,14,1,3,1
P63,34,F,57,10,0,2,1
P63,34,F,65,8,1,4,1
P63,34,F,66,8,1,2,1
P63,34,F,68,11,0,2,3
P63,34,F,82,9,3,2,0
P63,34,F,94,9,1,2,1
P64,27,F,4,9,11,2,0
P64,27,F,5,7,12,2,2
P64,27,F,6,15,13,2,2
P64,27,F,8,13,7,3,2
P64,27,F,10,12,2,2,2
P64,27,F,20,10,12,3,2
P64,27,F,41,10,1,3,3
P64,27,F,44,14,10,2,2
P65,38,F,4,7,2,2,3
P65,38,F,44,6,8,1,1
P66,26,M,1,18,4,1,3
P66,26,M,2,14,2,2,3
P66,26,M,3,15,1,2,3
P66,26,M,4,13,3,2,3
P66,26,M,5,15,1,2,3
P66,26,M,6,15,0,2,3
P66,26,M,7,15,0,2,3
P66,26,M,8,10,0,2,3
P66,26,M,9,13,1,3,3
P66,26,M,10,13,0,2,3
P66,26,M,11,11,0,2,3
P66,26,M,12,11,0,2,3
P66,26,M,13,11,0,2,3
P66,26,M,14,11,0,2,3
P66,26,M,15,10,0,2,3
P66,26,M,16,13,0,2,3
P66,26,M,17,15,3,2,3
P66,26,M,18,16,1,2,3
P66,26,M,20,17,0,2,4
P66,26,M,21,19,0,2,4
P66,26,M,22,20,1,2,4
P66,26,M,23,20,1,1,4
P66,26,M,24,17,9,3,4
P66,26,M,25,15,9,2,3
P66,26,M,26,16,8,3,3
P66,26,M,27,13,6,3,3
P66,26,M,29,10,17,2,1
P67,37,F,1,6,6,2,2
P67,37,F,2,6,7,2,2
P67,37,F,3,7,7,2,2
P67,37,F,4,8,11,2,2
P67,37,F,5,7,17,1,2
P67,37,F,6,5,17,2,2
P67,37,F,7,7,11,2,1
P67,37,F,8,5,13,2,1
P67,37,F,9,5,8,2,2
P67,37,F,10,5,15,2,3
P67,37,F,11,5,9,2,1
P67,37,F,12,8,12,1,2
P67,37,F,13,9,8,2,2
P67,37,F,14,9,8,2,2
P67,37,F,15,6,13,2,2
P67,37,F,16,7,13,2,2
P67,37,F,17,6,11,2,1
P67,37,F,18,8,8,2,2
P67,37,F,19,7,9,2,1
P67,37,F,20,9,5,2,2
P67,37,F,21,9,6,2,2
P67,37,F,22,9,6,2,2
P67,37,F,23,9,4,2,2
P67,37,F,24,9,6,2,3
P67,37,F,25,7,11,2,3
P67,37,F,26,9,9,2,2
P67,37,F,27,9,9,2,2
P67,37,F,28,11,4,2,1
P67,37,F,29,10,6,2,2
P67,37,F,30,9,7,2,1
P67,37,F,31,14,4,3,3
P67,37,F,32,12,5,3,2
P67,37,F,33,7,3,3,2
P67,37,F,34,8,2,3,2
P67,37,F,35,9,4,2,2
P67,37,F,36,7,4,1,2
P67,37,F,37,9,8,2,2
P67,37,F,38,10,8,3,2
P67,37,F,39,9,8,2,2
P67,37,F,40,9,6,1,2
P67,37,F,41,9,7,2,2
P67,37,F,42,6,11,2,2
P67,37,F,43,6,13,3,2
P67,37,F,44,9,12,2,2
P67,37,F,45,5,12,1,2
P67,37,F,46,9,7,2,3
P67,37,F,48,9,6,2,2
P67,37,F,49,7,1,3,2
P67,37,F,50,8,3,2,2
P67,37,F,51,9,9,3,2
P67,37,F,52,8,7,3,2
P67,37,F,53,9,7,3,2
P67,37,F,54,10,4,3,2
P67,37,F,55,9,3,3,2
P67,37,F,56,10,2,3,2
P67,37,F,57,8,12,1,2
P67,37,F,58,10,3,3,2
P67,37,F,59,7,9,3,2
P67,37,F,60,7,14,3,1
P67,37,F,61,10,5,3,2
P67,37,F,62,9,7,2,2
P67,37,F,63,6,11,1,2
P67,37,F,64,10,4,3,2
P67,37,F,65,10,7,1,2
P67,37,F,66,9,6,3,2
P67,37,F,67,10,6,2,2
P67,37,F,68,9,13,2,2
P67,37,F,69,6,12,2,2
P67,37,F,70,9,6,2,2
P67,37,F,71,9,10,3,2
P67,37,F,72,9,7,3,2
P67,37,F,73,9,7,3,2
P67,37,F,76,10,4,3,2
P67,37,F,89,9,22,1,2
P67,37,F,90,8,13,3,1
P67,37,F,91,9,10,2,1
P67,37,F,92,10,12,3,2
P67,37,F,93,10,8,3,2
P67,37,F,94,10,9,2,2
P67,37,F,95,10,3,3,2
P67,37,F,96,10,5,2,2
P67,37,F,97,10,6,3,1
P67,37,F,98,10,7,2,2
P67,37,F,99,9,7,3,2
P67,37,F,100,10,4,3,2
P68,28,F,1,7,14,2,2
P68,28,F,2,5,9,2,1
P68,28,F,3,2,7,1,0
P68,28,F,4,3,9,2,0
P68,28,F,5,3,10,1,0
P68,28,F,6,5,8,2,0
P68,28,F,7,4,6,2,0
P68,28,F,8,7,5,2,0
P68,28,F,9,6,5,2,1
P68,28,F,10,4,7,4,0
P68,28,F,11,4,5,2,0
P68,28,F,12,2,8,0,0
P68,28,F,13,4,8,1,0
P68,28,F,14,9,5,1,2
P68,28,F,15,1,9,1,0
P68,28,F,16,3,10,0,1
P68,28,F,17,2,8,2,1
P68,28,F,18,1,9,2,0
P68,28,F,24,4,15,4,0
P68,28,F,25,5,15,2,0
P68,28,F,26,6,10,4,0
P68,28,F,27,3,7,2,0
P68,28,F,28,5,11,1,0
P68,28,F,29,2,8,1,0
P68,28,F,30,2,9,2,0
P68,28,F,31,2,10,2,0
P68,28,F,32,5,9,2,2
P68,28,F,33,3,9,1,0
P68,28,F,34,4,10,1,0
P68,28,F,35,2,12,4,1
P68,28,F,36,4,8,2,0
P68,28,F,37,4,12,4,0
P68,28,F,38,5,11,4,0
P68,28,F,39,6,7,2,0
P68,28,F,40,4,6,1,0
P68,28,F,41,4,5,1,0
P68,28,F,42,4,5,4,0
P68,28,F,43,5,8,1,2
P68,28,F,44,5,7,4,2
P68,28,F,45,4,5,2,0
P68,28,F,46,4,5,2,0
P68,28,F,47,4,7,1,0
P68,28,F,48,1,9,1,0
P68,28,F,49,3,13,1,1
P68,28,F,50,2,7,2,1
P68,28,F,51,5,7,1,0
P68,28,F,96,6,5,2,2
P68,28,F,97,3,6,2,2
P68,28,F,98,6,6,2,2
P68,28,F,99,3,6,4,1
P68,28,F,100,2,6,4,2
P69,24,M,1,18,1,3,1
P69,24,M,2,16,1,3,1
P69,24,M,3,14,1,3,0
P69,24,M,4,17,2,0,0
P69,24,M,5,10,1,4,1
P69,24,M,6,13,2,2,2
P69,24,M,7,14,2,2,1
P69,24,M,8,11,3,2,1
P69,24,M,9,18,2,2,2
P69,24,M,10,8,0,4,0
P69,24,M,11,9,0,4,0
P69,24,M,12,15,1,2,2
P69,24,M,13,14,1,1,1
P69,24,M,14,13,2,4,1
P69,24,M,15,14,0,2,1
P69,24,M,16,12,2,2,2
P69,24,M,17,12,2,2,1
P69,24,M,19,13,3,1,3
P69,24,M,20,11,2,1,1
P69,24,M,21,9,9,2,1
P69,24,M,22,13,6,2,1
P69,24,M,23,10,5,1,2
P69,24,M,24,7,5,2,0
P69,24,M,25,10,8,4,0
P69,24,M,26,13,3,3,1
P69,24,M,27,17,2,2,1
P69,24,M,28,8,4,0,1
P69,24,M,29,12,2,2,1
P69,24,M,30,10,3,2,1
P69,24,M,31,13,0,3,2
P69,24,M,32,8,14,3,0
P69,24,M,33,14,3,2,1
P69,24,M,34,15,1,3,2
P69,24,M,35,15,2,4,2
P69,24,M,36,13,1,3,2
P69,24,M,37,14,3,3,2
P69,24,M,38,13,1,4,0
P69,24,M,39,8,6,3,0
P69,24,M,40,15,1,3,1
P69,24,M,41,15,1,2,1
P69,24,M,42,15,0,2,2
P69,24,M,43,14,1,2,2
P69,24,M,44,14,4,2,1
P69,24,M,45,14,2,3,3
P69,24,M,46,9,3,3,3
P69,24,M,47,8,3,3,1
P69,24,M,48,15,2,3,2
P69,24,M,49,12,3,2,2
P69,24,M,50,8,3,0,0
P69,24,M,51,12,5,1,1
P69,24,M,52,14,2,1,1
P69,24,M,53,13,2,3,1
P69,24,M,54,15,0,2,3
P69,24,M,55,15,0,2,4
P69,24,M,56,12,1,1,2
P69,24,M,57,12,2,1,1
P69,24,M,58,12,2,2,1
P69,24,M,59,7,6,1,0
P69,24,M,60,10,2,3,2
P69,24,M,61,13,3,2,2
P69,24,M,62,15,2,2,2
P69,24,M,63,14,1,3,2
P69,24,M,65,16,1,3,2
P69,24,M,66,12,4,2,2
P69,24,M,67,9,0,1,0
P69,24,M,68,10,1,1,3
P69,24,M,69,9,2,1,0
P69,24,M,70,7,2,3,0
P69,24,M,71,6,2,4,0
P69,24,M,72,14,2,0,2
P69,24,M,73,15,4,2,2
P69,24,M,74,12,2,3,0
P69,24,M,75,12,1,2,2
P69,24,M,76,14,1,3,2
P69,24,M,77,13,2,2,1
P69,24,M,78,12,0,0,3
P69,24,M,79,14,3,3,3
P69,24,M,80,14,3,3,3
P69,24,M,81,15,0,2,3
P69,24,M,82,12,2,1,3
P69,24,M,84,11,2,0,3
P69,24,M,85,8,4,4,1
P69,24,M,86,14,3,3,2
P69,24,M,87,9,1,3,2
P69,24,M,88,13,1,3,3
P69,24,M,89,12,2,2,2
P69,24,M,90,12,1,3,2
P69,24,M,91,12,2,3,2
P69,24,M,92,13,2,3,2
P69,24,M,93,15,3,3,2
P69,24,M,94,13,2,3,0
P69,24,M,95,13,2,3,1
P69,24,M,96,15,0,3,1
P69,24,M,97,15,1,3,2
P69,24,M,98,12,2,3,2
P69,24,M,99,15,1,3,2
P69,24,M,100,9,0,3,2
P70,22,F,1,3,7,1,0
P70,22,F,19,0,14,1,1
P70,22,F,28,1,6,1,2
P70,22,F,29,2,11,3,0
P70,22,F,44,2,13,2,1
P70,22,F,46,3,10,1,3
P70,22,F,47,4,10,0,0
P70,22,F,48,6,7,1,2
P70,22,F,53,4,12,1,3
P70,22,F,57,4,16,1,0
P70,22,F,64,3,12,2,3
P70,22,F,65,6,9,1,3
P70,22,F,99,2,8,1,2
