subject,studyday,performance,stress
1,1,2.5176276802974935,7.905561210358152
1,2,2.7333135469118623,6.861336101192673
1,3,0.7773803321646536,7.3773796648051055
1,4,4.689961980330711,5.361727072547135
1,5,1.4511122602101254,7.05550566513385
1,6,10.524200603718269,5.036938358944689
1,8,4.436013851386404,6.567618885898137
1,9,7.3982669172839834,5.921293626775439
1,11,7.393067520986856,5.170554159763413
1,12,3.722389967044695,6.270540942949431
1,13,-0.3753726156333159,6.808143151402138
1,14,-1.4086123470210934,6.539574538855024
2,2,-0.766299788754222,2.050166897621918
2,4,0.8448210772692262,1.465524655268486
2,6,1.6925625370817363,3.12435183787373
2,7,4.667466569223665,1.916728275158326
2,8,1.99735447535513,3.392661042746971
2,9,1.9521034885641928,3.3582987002123277
2,10,2.704417492318819,2.7795485695020474
2,12,2.9724381529681736,1.3639230182288236
3,1,-1.8130797886997332,4.664926925002827
3,3,0.7758591533100087,4.691545677248509
3,4,3.7878019531112663,3.215686360193943
3,5,-2.8700468342129457,5.924880420483594
3,7,-2.182993032919332,5.009101457588393
3,10,-6.322253336661731,5.275511463716316
3,11,-3.3997303795811904,5.9261413459873555
3,12,-5.531779297581273,6.601851594008482
3,14,1.973747909373381,3.638605488224174
4,1,-12.854471423254706,7.666283077747112
4,2,3.075536959575504,4.064254534762177
4,3,-2.2029098300096863,4.98036278806924
4,6,-2.189897882892648,5.528501221665503
4,8,0.7528850141230312,4.302607815662197
4,10,-10.13247185588896,6.221698035401368
4,12,-2.3973189227048497,4.486002181131314
4,13,-3.119686187661248,4.622503541049438
4,14,-11.206372912284518,7.768754161393813
5,1,8.862925713278603,4.053690785010606
5,2,5.942834626972146,4.5293345839139185
5,5,10.054015932868476,1.4369392386640296
5,6,5.876022399196248,4.175517143641983
5,7,7.123003212523482,4.018497377083613
5,8,10.320141817274148,2.18601420069304
5,9,8.46824217636563,3.7072068675318888
5,10,9.539521723777494,2.910626705621929
5,11,12.761665305469647,2.905956552512646
5,13,8.762935316485988,3.910074323979217
6,1,9.08965022011266,1.3342126551477975
6,3,13.550616322269992,1.510989196702558
6,4,4.707583398869948,2.83877327012224
6,5,7.369464906019074,0.5953794854044884
6,9,12.451803604707733,1.2295067272548128
6,11,11.091351165990261,1.4958859827947322
6,12,10.456378184683187,2.1787503875017644
6,13,12.597401100851043,-0.1412442472961486
6,14,8.1507492772981,1.2812281492589277
7,2,-7.52375041044871,4.081504255171848
7,3,-3.5857702651965244,2.3418564187522244
7,4,-3.488516824616868,2.2976931393841578
7,5,-7.447050848948743,5.407055438600588
7,6,-8.172579489545658,4.8126960134603225
7,8,-4.409377079265248,3.147973130323285
7,10,-8.872088006285214,4.198898270692805
7,13,-10.424277045180782,3.722224803282624
7,14,-2.7137643687162125,2.9711050914067587
8,2,10.28972957292299,4.467189907943229
8,4,12.406742606320478,2.6659939150153042
8,5,11.255711768733706,3.6392358091733406
8,6,9.659836869033656,4.171964399707768
8,8,6.106224141352584,4.8614673732809095
8,9,9.69689119876105,2.6716899227779103
8,10,3.774029080226674,5.074938594011913
8,11,-2.303685515810521,5.985465031886001
8,12,1.8589395860005116,3.6172139779770127
8,13,4.464025026401403,2.4500922192140955
9,1,-5.945394137081373,4.2403747939737455
9,2,-6.024964340769618,4.506974584757864
9,3,-11.495551958866226,5.792018110756338
9,5,-8.358944845847224,6.822734473998625
9,6,-6.394480319154319,5.198943888728188
9,7,-5.160249525614068,4.143808596899886
9,8,-5.295473822329739,4.5541190452205065
9,10,-10.316792880085334,6.550379401802745
9,11,-3.9604183280195704,3.427260373939335
9,12,-4.773194561322512,5.131674891749693
9,13,-3.406122473164256,4.444308504432563
10,1,-1.590777961107626,5.327784154905333
10,2,-0.728182631157666,4.695111767887596
10,4,0.213707523441097,3.942316101607929
10,6,-1.6330789311111866,2.128818751201593
10,7,-6.63751884216498,4.579481815490671
10,8,-3.785532412338755,2.8856193801335586
10,9,-7.3777691741474705,3.660006699694688
10,12,-5.652699503255176,6.129328266850749
10,13,-5.317201672315067,6.397414011773824
10,14,-4.724759816817885,5.582406778963556
11,2,-11.578371103437608,4.594712229352097
11,3,-8.137510161623059,3.6702636246530758
11,4,-8.59935116534198,4.968594546693298
11,5,-11.115730652104869,5.390186527458162
11,6,-10.60182721513565,5.437855615409447
11,7,-2.6815490642729776,2.87814483021953
11,11,0.3513358693159807,3.015204732551492
11,12,-1.5623821595020617,3.3343938550744623
11,13,-7.424416167637979,4.867046394432895
11,14,-0.8145845469027825,2.7206723850802668
12,1,-8.74990340737163,4.878026432358187
12,2,-7.397181948100591,2.111025479284755
12,3,-8.929788144872878,4.402319188087285
12,4,-8.05471916635032,3.783497506333185
12,6,-7.843382665528884,4.010769511381589
12,7,-5.464831963644428,6.201343014363605
12,8,-0.8046672671890285,3.790847069799423
12,9,-0.005616594626532301,3.9016224511276256
12,11,2.4771602396099888,3.4958750699544865
12,12,-4.883219793632678,4.81895490132251
12,13,-6.567712339118088,5.585986400458178
13,1,4.81019213626749,3.454127637844845
13,2,0.44662613932568984,4.9870316490457505
13,3,4.776774593321917,2.7059313034459054
13,6,-6.317272529979674,6.55308664152791
13,7,-5.876511836194867,5.233864348759523
13,8,-5.045693897945483,6.492915464201137
13,9,2.865272211150393,4.096725891423742
13,11,-3.241716799274767,5.015332644483046
13,12,-1.397584486852805,6.126559684095239
13,13,2.737511347913509,5.340308180084278
14,2,-4.612787273638546,5.727293610480224
14,3,1.5101997084495786,6.193384380163985
14,5,4.3207896802252765,4.299252790361936
14,6,6.353426092041627,4.821487387562895
14,7,0.9237313607927011,4.760166330872862
14,8,3.399176839600561,4.136276817581885
14,9,9.072871157996149,2.2075566644379356
14,10,3.942849442363688,3.987977512028749
14,11,-0.4676131020391826,6.465645247069788
14,12,-6.56976923007678,7.425522708190259
14,13,4.091079063128503,3.4596216439136596
15,2,2.4711599082120617,0.4158002895902041
15,3,6.49289179975006,-1.3177653249632844
15,4,2.2435532901804485,1.504818230990987
15,6,4.377803250244387,0.5648261992485327
15,9,7.8461339228846665,-0.2862615952820897
15,11,3.8691088288248,0.8223604009994689
15,13,4.868818711833729,0.011606059073896224
16,1,-8.272762037114925,8.166628857801769
16,7,-7.190917534430804,7.52838169607726
16,8,-3.7181784771435047,7.147966162179005
16,9,-4.269286047208569,8.120329299374621
16,10,0.6783110421136618,7.631596354993077
16,11,6.55135612961292,4.194973963468781
16,12,0.7088536541726222,7.358734864351208
16,13,-2.22348591349178,7.6252812125028315
16,14,-8.477873382233987,7.410418615658875
17,4,-5.373892101566822,5.2024991709374016
17,5,-8.915248108856911,6.080849237270795
17,6,-8.653508147633762,5.734536673162401
17,7,-2.883487021314055,4.523067758401284
17,8,-5.3524798256526704,8.285096252128477
17,10,3.2887769354530945,4.046439043471186
17,13,-1.7811272239645117,5.113796894183299
18,1,-0.5249998060759111,6.7498399900523
18,2,10.122399620261909,3.369037797285249
18,5,1.8304161654939197,6.144877892547968
18,8,7.832487577978546,4.942098530415322
18,9,4.411497427559019,4.902336615119541
18,10,8.01768267188966,3.0131336726545292
18,11,2.708320687513253,4.478092816889215
18,12,0.11198443103549938,5.822582902061443
18,14,7.707651182930978,4.843050692835253
19,1,10.196487384732107,5.243208061987216
19,2,14.498547401318303,3.8724316781431023
19,3,10.136130446283884,3.7791597210903793
19,6,12.260307590658176,3.68894980453775
19,7,11.847985553215377,4.290141372005602
19,8,8.606929104963003,5.337909797179509
19,9,12.10102631295598,4.816909771399123
19,10,9.202326963777436,4.767020995677447
19,12,10.983682690672172,5.643103524613002
19,14,15.362213043511403,3.2829608151523084
20,1,-5.2957061540281245,5.972939096247638
20,2,-6.471212986321857,8.271712175152198
20,4,-2.209641067405097,5.447249884330205
20,5,-3.086588012658793,6.909006720373667
20,7,-5.097731107390647,6.402719466647189
20,8,-13.738120640265176,8.481236445715085
20,9,-8.806186912945838,7.9526299773963
20,10,-2.4821480494750965,6.32182663352372
20,11,-4.311396836442668,6.756036098832313
20,12,0.45215788653407296,2.449015537809171
20,14,-5.9650301873958815,5.959156486525867
21,4,6.903357097803358,5.330475834083312
21,5,3.326473357616516,7.459516177586902
21,6,10.526411233306044,4.662239795991448
21,7,3.592608821374008,5.259542180072568
21,8,11.295144782451167,4.607701812112678
21,9,15.813697030801048,3.003625758528875
21,10,12.840143476752093,4.613798104356049
21,11,8.975421672455857,5.26211587595481
21,12,7.6605399337045395,4.857519247328354
21,14,11.247467401196921,5.389873149898658
22,1,6.742146059638512,4.7478274951734205
22,3,14.568136616209937,4.21762095089965
22,4,1.974467430828625,5.970137408773004
22,5,14.9527618576655,3.2039586502806228
22,6,3.7597428787424203,5.658273280035772
22,7,5.894616447581645,4.916117771807761
22,8,18.62358697956088,1.6209478944250817
22,10,12.462054255673161,4.14854133251563
22,11,8.950726910215735,6.304149076831455
22,12,22.85391341515354,2.2641606010612123
22,13,9.834605058607785,6.497482128481224
23,2,3.5286289753442084,4.6387565793404155
23,4,-5.588563204141689,4.333321294215492
23,6,3.2436013276805684,2.828496110783392
23,9,4.447285178009986,2.2405583039038226
23,10,9.938797008518877,1.046812279159431
23,12,2.251926878514368,2.8183828021857162
23,13,2.1764504100798026,2.6420198535419988
24,4,-8.762721267196858,9.491304072648129
24,8,1.8887956755272937,7.513193879375375
24,9,3.5388631973801936,6.560794259655425
24,10,-0.42373995665433783,8.399637917985407
24,11,0.9497787241916829,8.195640993876642
24,12,6.2491170579599995,6.610060563245722
24,13,-5.75784474060835,7.76460699825298
25,4,-7.437769458325632,4.325789608736957
25,5,-6.855401262907872,4.254406694732875
25,7,-3.274659245859951,4.003979150019953
25,9,-6.1197088011538074,4.5931832930106795
25,11,-4.242994788854919,3.8777390749591127
25,12,-8.450058025155943,6.076995558269
25,13,-7.944156148138579,5.859976195616096
25,14,-8.827266266585703,4.931526654533095
26,2,-15.434438419264099,9.819740136072792
26,3,-11.029394949563263,8.467169840529992
26,4,-14.054604802368797,8.697018873526238
26,6,-8.860269946674983,7.389166599752906
26,7,-11.82054805074188,9.565918802559697
26,9,-4.89032045115555,8.007483368427508
26,10,-4.723904515882803,7.29864813530482
26,12,-6.345010702676249,8.927361672039071
26,14,-2.393870944681513,6.896301635326939
27,1,-1.2056304894248417,6.306836094108464
27,3,-16.495752039795693,9.188945018519428
27,4,-12.460018046369443,8.794098429171306
27,6,-15.569788286526094,8.849941357030561
27,12,-11.748914724385177,8.408941484604087
27,13,-13.167756636584972,7.840521355341308
28,1,0.18914932009342822,3.9479703315240826
28,2,3.2122146935688987,4.445544300436395
28,4,-0.6470615793322482,4.793534716339364
28,5,-7.498800971963139,6.240555427456873
28,6,-2.9129430813989168,4.864609606637601
28,7,-1.582016114241475,5.901931315719859
28,8,-0.5334083524655946,5.8100710870014645
28,10,0.788124432616492,4.670106634008731
28,11,8.156932605402567,3.4930506154905476
28,12,2.4449631065243036,4.885365307422274
28,13,3.6216840885087027,4.654053991767518
28,14,4.607761625863853,3.1706020076330432
29,1,4.60679698904868,5.541199772264672
29,2,-1.3408170731575073,7.501071343108329
29,3,4.0155816505834565,5.106539581183267
29,4,6.648037966597419,5.162914216543394
29,5,-0.9288060299680017,8.063385488054745
29,6,5.368847884002313,6.071792928514223
29,7,9.46658616195988,3.996958842335163
29,8,5.477012860543647,4.4896337530181
29,10,-11.206943076943247,8.532086252616049
29,11,-5.195776389971968,7.344217159035117
29,12,-1.732591604088952,5.760817771856211
29,13,5.460251597505265,3.6172182093230467
30,2,7.298302630985646,5.319194356374559
30,3,3.099796445979325,5.964920234048303
30,4,3.320701627118527,5.8881451995165675
30,5,-1.9614499656368236,7.197970571090363
30,7,1.370545280140421,9.020934698054548
30,8,7.109096477254684,7.024658858729254
30,9,5.581488396286305,6.634689306248512
30,10,8.49806005822202,6.152462637224716
30,11,8.364534110602998,6.109498827362534
30,14,1.9322382673521112,7.080900516375581
31,1,4.241584560283891,2.6830387138021496
31,2,-6.8047846373960414,6.277406202450173
31,4,2.1697237415909063,3.8629907394605
31,5,-2.2771096971716687,5.376579362519122
31,6,3.281958077955794,3.419380117509706
31,7,3.8873329248841593,4.295132917230708
31,10,7.560817866281107,3.008265958319627
31,11,6.06941092211342,3.2388815551253076
31,12,4.109201194335187,3.662011610958012
31,13,6.23300969672832,3.9807354389113683
31,14,1.8233233414706445,4.428438968191651
32,3,6.162213789568053,5.445951645211292
32,4,5.280760567794246,6.179744875798557
32,5,8.685282147091764,4.292207817021071
32,6,4.8744801350606375,6.406514995180596
32,7,8.570223281280235,5.851165498814662
32,8,17.655024595368246,3.4068874412211607
32,10,17.081478668240475,3.671172697193822
32,11,9.899568878503487,7.11041092800205
32,12,15.940885448091601,5.463084357421205
32,13,14.240265749343857,4.871053062113188
32,14,15.094776320077047,5.549164340829674
33,1,7.264070094514593,3.0308426504631285
33,3,5.863814463312487,4.301852303928991
33,5,2.41210941080499,5.453513226723556
33,6,3.779197987176519,3.9866077172878476
33,7,6.517964985474728,3.813640452644775
33,8,5.623149154496643,3.6812953289274817
33,9,1.1553943398206705,6.319292243164293
33,10,3.0283766292169347,5.194728335926024
33,13,5.718543139998992,2.8185160915398875
33,14,-0.5105776830171171,3.796367346803982
34,1,2.982225689211619,3.077954052793873
34,2,-2.19194406417985,5.522826556619324
34,4,-3.67838612875575,5.797521048626053
34,5,-3.685171546841919,5.16476293936655
34,6,-3.2286625466715044,4.147102723920234
34,7,0.5515137486009181,3.3714058151366335
34,8,-1.8297970606684677,4.835913140366291
34,11,7.132387908318055,2.685705275011634
34,14,-4.012984543123298,6.685667745040135
35,1,7.961211745163953,4.430384993930691
35,2,13.2661686460903,2.050967928848338
35,3,-1.8039024705377034,6.506337080723706
35,4,1.3478018941763563,5.678985010580221
35,5,11.566427748298251,1.9658428950650637
35,8,2.460999976364205,4.9389224402389695
35,13,1.9057129513833901,4.0247460651359575
36,1,-9.554489378933315,8.337905881192862
36,3,-16.648385470104984,9.024855932758916
36,4,-9.528863160798227,6.920561550435031
36,5,-7.562788116579316,7.935550137291209
36,6,-20.402936500005488,8.50793892645305
36,7,-11.20202898640732,6.206848022309706
36,8,-11.616734799081502,7.330638484932988
36,9,-9.643522124458624,6.447366533130103
36,12,-7.086288899730205,6.022997082680222
36,13,-3.5573513742838774,7.189689383178459
36,14,-0.5302212270911171,6.423681688468026
37,2,-15.340168633434855,6.951583417400622
37,3,-7.379933913671335,5.432238120233115
37,5,-4.408023884784678,4.670296277065411
37,6,-13.447258124695974,6.493320337262002
37,8,-11.039699245536623,6.93903420296325
37,9,1.3529184454202756,4.061082593245003
37,11,-2.549034809128975,4.234539323862647
37,12,-3.39551693308821,6.010641032480459
37,13,-7.9350895621734425,6.0442624034554
37,14,-2.7240571900966675,5.187353415357676
38,2,1.9763453143104166,5.444656505286971
38,3,7.964794050832249,1.685316993344282
38,4,7.682212258105429,1.888420178029177
38,6,9.43232661848748,3.200860771372445
38,7,9.996863512874764,3.864148664141861
38,9,9.536340181574248,2.2932581193193435
38,10,6.841799667966697,4.894549728717747
38,11,8.047029115934226,3.270601467563453
38,12,10.791451934083302,2.2955560307587004
38,14,8.19305016313787,2.451201144356194
39,1,9.88320516802798,4.774920230466236
39,2,-0.3578195214624267,6.325150609525971
39,4,8.55611446910554,4.608202018836586
39,5,4.867075118365418,5.880058910773535
39,6,10.153042176671525,4.32229791223217
39,7,9.32688641513192,5.863615290537955
39,8,9.015880713796804,6.053648282469074
39,10,8.913347749832626,7.388642275101251
39,11,10.808679262679977,5.735963726427169
40,4,-3.318624103941575,4.715076779016982
40,5,1.7543972942781974,1.665736476200376
40,6,3.717476132918402,4.154796390385463
40,7,3.0034943629140214,3.7291705635631986
40,8,3.031116273535382,5.368887991497479
40,9,5.626248023125319,2.0040123309267748
40,12,4.812729850856348,4.680185360548263
40,14,5.44490894368427,3.2690093952700856
41,1,5.120726824059944,3.2980607781203175
41,6,7.233621564562647,3.2277459204423593
41,8,9.786569923464004,3.5485783805439994
41,10,7.401045773240883,2.526383522408259
41,11,2.085533649408797,3.614522202553197
41,12,5.88230114461898,3.7314286575435185
41,13,3.4652106496313495,2.9824557918331864
41,14,5.536916294117204,2.7830541975384224
42,1,-5.004629409071351,8.60400019650619
42,2,4.797682612368252,4.784181858255251
42,3,5.103163905766113,5.846706099998422
42,4,-0.3357142233529369,6.870784333385269
42,5,2.671672912054541,6.365171745381736
42,6,1.3434249325458536,7.724430822774538
42,7,1.2264835542819785,6.695837814100969
42,8,0.1503685076733956,7.039674786981797
42,9,-4.47291594933051,7.3103529834270775
42,10,5.947831352087077,4.360625824703593
42,12,1.5644412854689498,6.080031364745834
42,13,-6.474420558261626,6.933542139236527
42,14,-8.155465053677473,8.076527723928532
43,1,12.120508307184357,0.8477581657010171
43,2,11.930902622488519,2.007158466535028
43,3,7.84079924388409,4.3818085822344734
43,4,4.034971600540486,4.379780897491123
43,5,7.157434919110774,2.5686678644038845
43,6,12.848891229206064,1.2395886864287555
43,7,8.795341271364691,2.0187001428624463
43,8,1.936884825384194,4.947833007099347
43,9,8.768882748155624,0.4882678572886596
43,11,1.0831173314245381,2.8109744501784206
43,12,-0.8449525713856856,3.8678035217328426
43,14,0.5416705247491791,3.0365160759349954
44,1,-3.8721894542691,5.412909140856828
44,2,-6.590311980007245,7.403469902442048
44,3,-5.722617209409554,5.001779048947776
44,5,-6.367823603727093,5.75382127960728
44,7,-6.427006021584752,4.910098309091644
44,8,-8.728589815146902,6.067185622805362
44,9,-2.8685041615267783,4.9867639073736045
44,10,-11.28597375825614,5.87389841606866
44,11,-9.52203251427245,5.323607877736707
44,12,-14.06246239574381,8.316959589840483
44,13,-18.610647820341338,7.506578413740112
44,14,-9.441953781187102,4.708414326160939
45,1,12.168740369641082,3.0885176331077977
45,4,12.038478407468116,2.0441444044745865
45,6,11.24599486551405,2.4558678890439687
45,7,13.487821226405398,1.3877672001881587
45,8,7.376906920414209,4.52508167512928
45,10,12.471325364886555,2.594004542869574
45,11,9.29510325900142,3.5988215838492046
45,13,-3.562244719623114,5.877698445339611
45,14,6.279481497356835,4.5357126489713675
46,1,-5.736106140400952,5.57082560423166
46,3,-7.47755063878763,6.115905396661233
46,4,-3.70125961372484,4.903922447262428
46,5,-4.916459904836152,5.668082172197737
46,6,-15.200247956911983,8.908853603691652
46,7,-9.97595639226562,7.6779537593070835
46,9,-4.408252975175671,5.470973242301573
46,10,-11.433771004671286,7.855026914948012
46,13,-10.742261672150688,8.011806711213083
46,14,-2.673125028312525,5.8120672658277055
47,1,-1.590706844846558,5.890386589390648
47,2,-1.0929419464069918,6.197556840075389
47,3,-0.6200021171524854,6.475096433478566
47,4,-2.626735908351259,7.027518828188532
47,5,-2.632040610317224,6.7116150840111
47,6,1.7366984336220221,6.121838665100573
47,8,-7.062389619039557,9.238867822805759
47,9,-5.424740094409838,5.982504118141396
47,11,3.042013266096435,3.9892250419857977
47,12,0.4231360934781194,4.94285287052256
47,13,-0.0675559959388683,5.611697687510253
47,14,-2.768774696089366,7.106014694713464
48,1,10.910224333083981,2.6789191019833387
48,3,11.655666178758073,2.7631957099664417
48,5,3.837066839181013,4.053781502008327
48,6,-2.5680736824553896,5.134498955654024
48,7,-1.213975772793415,5.297440716240912
48,8,3.3378335104460417,3.996901055325413
48,9,7.890106037758459,3.32876467399442
48,11,2.705426861268137,7.032023076325797
48,12,6.289075427961832,4.945411418553079
48,13,2.180585000127194,4.508090671407416
49,1,1.7028761381962578,6.892264584443958
49,2,4.3569864578658155,5.298284325910214
49,5,-1.614277501951055,6.46903460867868
49,6,-0.5457349106025646,6.763667285863383
49,7,1.9473136120776369,5.330464764844499
49,8,5.676195656175715,5.8885865266892
49,10,-2.304286424606138,6.878089563055609
49,11,3.4555664223310347,4.319565417534187
49,12,-7.324207003228167,7.576504377752938
49,14,-5.67292019097977,5.971301169888558
50,1,-4.988902427722226,4.938636069761246
50,2,-2.419399705211309,4.71879350132474
50,3,-10.000160731333695,7.530522025854797
50,5,-9.78955166822722,5.200463194874661
50,7,-8.792044265892743,5.691845241465738
50,8,-8.80294037088413,4.916592644493567
50,9,-6.107816244302905,4.533898738264714
50,11,-17.96874647583306,6.335060944746651
50,12,-10.044765033596107,5.5546921577390105
50,13,-5.810101232540264,5.860289028134846
50,14,-3.9834806674506784,4.826135870462871
51,1,5.8729820250487,4.43132924786348
51,2,3.1618316848900077,3.8779002714757786
51,3,2.5866418521274444,3.7427639653156106
51,4,4.5807063334373375,3.7783964473894724
51,5,1.8858136456818086,4.711313548661032
51,7,-2.029488337719557,4.19858702733499
51,8,2.3552137897526815,2.6354948691392828
51,9,0.12158417508706343,3.7087962446290748
51,12,1.6612821561219304,3.285659976165632
51,13,0.5027545166166736,5.3645208667327005
51,14,10.638028391282312,1.6786535910333664
52,2,2.318148875470105,5.006423328044817
52,5,5.311917263320894,3.731211438129185
52,6,8.462017602702304,2.588579888450211
52,7,4.581068219904263,4.116388137858587
52,8,9.866636974157103,3.481127913609856
52,9,5.898954277244153,4.753147282189149
52,10,4.359400281443646,5.162817012062545
52,11,7.969560364904931,4.810733427288569
52,13,-1.8688104820090188,4.683658172608967
52,14,-0.674494929747892,5.517054107373346
53,1,7.9709721946115835,3.0256716745227386
53,3,13.77835092633252,0.36861337929040294
53,4,3.4035859436918443,4.955721871465865
53,5,13.186299036233786,3.4661393793679713
53,6,9.990526772093606,4.488673752762608
53,7,7.9188709801646375,4.252373020011644
53,8,6.2773190883250045,3.434205921783354
53,9,10.269850578606423,4.400986889833089
53,10,12.034192397335499,2.0609659563352243
53,11,7.953567512765841,4.184036289134042
53,13,7.576580528590873,5.1286317143552465
53,14,7.792039431006323,5.441186504514136
54,1,0.8753425400809409,5.107035812971743
54,2,-0.9233944998363199,5.321765769524082
54,3,-7.426958882150801,6.955668853086387
54,5,1.9335579915076893,5.0233256987170884
54,6,-0.5022808276959436,6.327872814284366
54,7,1.5950908632158,5.389239174985279
54,8,0.49727257776121503,4.853555426176435
54,9,-4.472081467761046,5.743886374180859
54,10,1.0919433308074595,5.491357910099501
54,11,2.1093738413770193,5.17379503667436
54,14,3.303860690862744,4.97026415527128
55,1,6.617365293325017,4.874739748333463
55,2,5.09669622092215,6.169837179047104
55,3,5.42351367624372,3.5599507569555158
55,4,4.529587551080436,2.6105264952203395
55,6,1.7277265522836744,2.949921652841913
55,7,-0.9352619738781645,4.269793915153942
55,9,3.183114458734032,4.05165096804584
55,10,6.355690117574283,2.7346806280800946
55,11,1.6979820721194607,4.304626068873069
55,12,6.877363162631259,3.912868550134575
55,13,6.380697006329476,4.4087953501420785
56,3,13.639177359629056,4.518222254614947
56,4,16.73592294911389,2.8967048145191043
56,5,4.924323800095173,6.308574295584708
56,6,6.7415813859338645,6.294473810257674
56,7,10.032053199181583,4.702635868345871
56,9,4.53709426241508,6.516675926961103
56,10,9.04453748764417,5.75534059525077
56,11,16.147002340288722,3.453426505498772
56,12,7.753895926288523,5.6612180037937865
56,13,12.635149213561759,3.3144669612400266
57,1,2.346033081218359,2.740499317224012
57,2,-1.7915559642517516,3.7299529534864586
57,3,1.045729293837498,4.751757542300666
57,4,6.426003386307882,2.2251601013702165
57,6,-1.850856839328655,3.428011190396105
57,7,-4.4241560272453135,4.5791810427774005
57,10,0.07126060088651226,3.190578064810286
58,1,5.094955984410941,1.400989004296715
58,2,2.591945468091977,4.675294836265594
58,5,4.117050877492679,4.302875766842868
58,6,5.88646994072182,4.680749876186509
58,7,5.197123345110932,3.49617292051027
58,8,1.136506388251986,5.023497816325344
58,9,1.158233481601088,3.7628180798735675
58,10,0.21828986626653218,3.6162649119990924
58,12,4.265612200613623,3.459058992998202
58,13,6.739862374586233,6.330844893762294
59,1,1.2874796198269576,6.196657134090421
59,2,11.32830343970175,2.2975912248374675
59,4,7.97692934987985,4.6558821308627865
59,5,0.844472747748481,6.117421704287171
59,7,-0.6642227422364726,4.448616122343066
59,8,-3.572103565634228,4.206522686084874
59,9,-2.2161191650890624,4.267663248140662
59,10,-5.357391862549683,5.627175754661154
59,11,-1.714138755811573,4.566750989232116
59,12,-3.0608150990520686,5.1892786527380315
59,13,-2.421062536201871,5.040606843307868
59,14,-4.177375763743543,5.019164170305385
60,3,9.371988770826686,2.8681830181852503
60,5,6.658702999483062,2.5560992581251387
60,7,-0.6294427029504743,5.3383424476651955
60,8,-0.9469942243732299,4.565274656816027
60,10,-3.2353017860151585,3.6633842910287497
60,11,0.3602971592533182,3.668208451613563
60,12,3.486024234974068,3.7758965102383777
61,3,-0.4370902182713965,7.004244526412808
61,4,10.175668347856735,4.353904178106257
61,6,12.454952741634061,3.404106299751235
61,8,2.7621541813117396,4.877623688255887
61,10,7.949983957874261,5.464415674756521
61,11,13.479099581148585,4.9458225057918614
61,12,10.582443132232884,4.290392038324412
61,13,3.481997166638142,5.822595851327598
62,1,-8.791078444532385,7.077975133379398
62,2,-4.2707254951693,5.315307674617386
62,3,-10.438438096905536,7.486471379278203
62,4,-1.6685396822742846,3.5618117231711333
62,5,-3.5828538792687707,4.293034301135523
62,7,-6.265911629845328,6.605402451162954
62,8,-1.1333771903331993,4.565634727222085
62,10,-6.135458788287217,6.6372812958794
62,12,-1.705173631067602,4.45620384001603
62,14,-7.9508877840792564,6.723876799624444
63,3,-1.91127462989534,4.24573900439066
63,4,-0.01740624239291888,4.662649860511467
63,5,0.04867096246482827,5.130468179995957
63,6,1.1673350007274574,3.2087074696239464
63,8,-1.0856275277634797,4.651284422966562
63,9,-4.940458617807776,4.72790542554869
63,10,-9.849625112659636,6.191606182685091
63,11,0.5365966305324997,3.443695624428014
63,12,-6.817180712301113,6.238856299376041
63,13,-0.32850799645306816,4.5893924026146085
63,14,-1.3519626746701983,4.259945934357678
64,2,2.075485375368788,5.675317229298836
64,3,-2.8648616002160376,4.926949613010459
64,4,-1.508173670308572,5.623198593960744
64,5,-1.024083602401782,6.505174472512221
64,7,8.543071405372316,4.498322658246791
64,8,16.432345901373317,2.4602893230761107
64,9,10.335627073301076,3.950276324157993
64,10,6.096852327467955,4.303983776591344
64,11,5.3246588837786355,4.662019893491284
64,12,7.603963152337036,2.700174629936955
64,13,6.1472149966352525,3.713040405565908
65,1,3.9150858834149567,1.8361845331843436
65,2,5.057792168866257,2.1349932485109218
65,3,4.990168688611608,1.6370419021517515
65,5,5.341607540570767,1.7846135427252958
65,6,5.046593180900334,4.518389089937927
65,7,6.497350929834494,2.181295065359753
65,8,6.9540532950431775,0.8433155894309021
65,9,7.6494670696995515,1.1127267638244602
65,10,0.2680821199379979,2.4286191081773154
65,11,-2.7839842684899354,4.637106686253619
65,12,-4.2742695575970036,3.1290044851523504
65,13,0.9766656232682545,0.8600603603785981
65,14,5.375353661648479,2.335321963286126
66,1,6.313926825148686,3.662392317031088
66,4,7.88715408087293,3.2151839681737546
66,6,4.567821403811289,4.696953627623039
66,8,-3.0855264106647695,7.519422981684545
66,10,-8.366728373382632,6.290366928009185
66,11,4.728658734175931,2.916641805638
66,12,-0.99841804936447,5.069842328729987
66,13,-4.847329238075826,5.3219864274769515
66,14,-1.6005539915743097,5.677641355366621
67,1,8.435649149269372,2.827012810772082
67,3,5.8248343765040556,4.119091263043779
67,6,13.582938846963051,0.7764575734740211
67,7,9.59276604600327,3.2595080354768364
67,8,7.035619593334666,1.887360695654669
67,9,8.029469505639494,1.6907885591283303
67,10,2.3343117536262024,3.5938505478746343
67,11,6.865245997742543,4.837151324191604
67,12,13.872550712371632,2.780902914004962
67,13,7.297897973186906,3.2309768969068773
67,14,9.431774013743919,1.7872992813870163
68,4,-7.929452230702455,7.032651275058761
68,5,-1.578204306628359,5.070800926384569
68,7,-7.090969238813956,6.954885384209514
68,8,-9.760537121799294,8.511359929781918
68,10,-9.647956807143569,8.420076775635831
68,11,-9.846027594044036,6.5812692677161415
68,12,-10.733235358257442,6.904370862495442
69,1,0.15111068950126305,1.8197919283928083
69,2,0.03595935362822944,0.9937035642212728
69,5,-3.6363156583473644,4.217927952504378
69,7,-2.771319394628079,2.5490850429726803
69,8,-0.2792850344165092,3.5980019495643165
69,9,-1.725837657124198,4.260748212604603
69,10,-3.4370114781244157,5.2392587452384545
69,11,-1.694577313261898,5.043762414008501
69,13,-3.2280496633288642,4.649485587821994
69,14,1.0325595092604467,3.088938891100745
70,1,-0.8880988271842067,6.538442235589823
70,2,3.079753529646947,4.18139569458366
70,3,0.7132250645588616,4.141941326256697
70,5,6.93828368532944,3.736607854014631
70,6,0.38472560961581714,5.26792987681525
70,10,-2.13217778639307,5.951327561981263
70,11,-1.1943964203125095,6.550311696036824
70,12,-2.0657195541198505,6.4652671844127205
70,13,-3.723425710278507,5.423352120668572
71,1,-5.098115231862892,5.394094709674722
71,5,-7.266079063764395,5.80027740094477
71,8,-9.129096892994806,6.44328941454622
71,9,-3.901649699557122,7.118128580820403
71,10,-0.5011938278361547,4.991226887716151
71,11,-0.09825696470754752,4.418943256286797
71,12,2.905432725816706,3.436398467311555
71,13,-1.5854693712036996,4.206860550061682
71,14,-3.928619161843617,4.913913016858687
72,1,-1.8869585744973203,4.332930521519101
72,4,-7.322188976747603,5.306492082341859
72,5,-4.587536323087684,4.009693558394521
72,7,-9.492390968147276,4.667516464266171
72,9,-6.6988366228931,3.7713322928863735
72,10,-2.592696543295141,3.671330547443028
72,11,-4.790935971661236,4.607330526391672
72,13,0.8614632166241776,3.3430009889766064
72,14,-7.616022560450638,4.145534942921027
73,2,-11.564139774183836,9.936754445666574
73,3,0.5089243366459135,7.243204357240678
73,4,1.3825294770487986,6.277141482970709
73,7,4.235374755012684,6.958405656552627
73,8,-0.4952218273978499,7.851690602461067
73,9,0.5352333206961032,7.386100478702702
73,13,1.1925149509100637,6.768605670962013
73,14,6.218110520053375,5.305173845748313
74,1,1.6887643105128056,3.3888370160477
74,2,-4.073361959963597,5.109361149342302
74,4,0.3075944355162933,3.8522910560028354
74,5,-3.546842915719827,4.190849265698417
74,6,0.691366749948859,3.8121301945971107
74,9,3.4469706531119235,4.444871138152986
74,11,-0.023656300022076415,5.959993074552233
74,12,-1.7741096223466206,4.368994359832385
74,13,1.4920963357760055,1.9464279790113068
74,14,-6.128644653192395,4.129017567363805
75,1,3.3195713263794047,5.175491190442659
75,3,-1.2665398519781343,5.791985583120392
75,6,1.9320145740407217,4.89589536014423
75,7,-4.898991125978869,7.165595717339369
75,9,-3.492249852853808,5.653644156029485
75,12,-5.287210976782556,6.288316255406939
75,13,-1.063488876233364,5.137488131121808
75,14,-10.530806729905512,8.614186839351724
76,1,3.914507656558659,3.3682153170587257
76,2,1.280923390801073,4.071710970355129
76,3,2.7497280215378543,3.137665358680385
76,4,7.365040068295308,2.925355396706014
76,5,5.400972966446414,3.6007612829230387
76,6,3.1883413990062643,5.031263613536366
76,7,2.397185743992954,5.4072105834186965
76,11,4.954282909807983,3.3300740900728876
76,12,6.575695872824502,3.560505964118822
76,14,4.324171679565079,4.923734793953681
77,1,-28.075977347593216,10.028123215445003
77,2,-16.153851031764276,7.728404775681958
77,3,-17.268123275245376,7.995690115081909
77,4,-20.12340140719254,9.602211697823414
77,5,-18.041768254195752,8.637187316349454
77,6,-14.694707774670611,7.117276977445849
77,7,-21.593112142370202,9.126898800063971
77,8,-7.735796382303741,4.8596456547030815
77,9,-21.27838713692856,9.290359615994465
77,10,-19.3685126998273,8.76686406344868
77,11,-21.734776154599878,8.813668656736816
77,12,-18.549323219167572,8.93185633604448
77,13,-13.028916725361112,7.764301538589493
77,14,-15.206659275905219,8.088878014749005
78,2,-1.0838232840559279,4.959530128220087
78,3,0.7248696562753816,4.387261293078422
78,5,-2.335962574924568,6.78011652760633
78,6,3.637962433329233,4.762356663652235
78,8,-2.2873543839432138,7.646892665359918
78,9,-4.589390024921961,7.477690252014886
78,10,0.4937268938794016,5.7146550433430106
78,11,-4.6965921230582195,6.237217846814479
78,14,-2.5024537478406153,7.829515560963044
79,1,8.188588180770635,4.605609220906418
79,3,6.591100845952763,5.234457990842394
79,4,1.8057037793632311,5.346370653225988
79,5,3.324936282927447,6.135684422352936
79,7,4.910213931010126,4.099916090095092
79,8,12.451980367965348,4.611905825531011
79,10,12.89539873825869,3.898485461004814
79,11,12.23826314855878,2.8225124929803744
79,12,14.343956799952645,1.8277981738854807
79,13,10.11716822671331,3.56500188770262
79,14,8.011494456291498,4.55683104541389
80,1,0.9278870282023928,5.355168192263978
80,2,-2.088723448082615,6.132184012224486
80,3,-4.168273778367519,6.380698568622796
80,5,-6.149616077014328,7.434367419968288
80,7,5.503883323421017,3.9914550340567625
80,8,-13.720065010236972,8.783202770596224
80,9,-4.883089127535049,6.316976738504985
80,11,-6.848773371708798,7.345776693177397
80,12,4.186315688431014,4.030083908402029
80,13,-11.650341294757023,8.045863238457589
80,14,-2.19415031476066,6.293759895288346
81,1,1.156958771779508,2.6629091421637487
81,2,2.335518630171686,2.533745228796195
81,4,1.9886797966370353,3.149848962282867
81,5,4.97505198475636,2.2835300361377104
81,6,4.775484798215775,2.47950467927543
81,7,3.2218784816179062,1.0951169046510638
81,8,-3.2342722082836404,2.964864051672958
81,9,-0.9633023470602402,2.1039878538200085
81,10,2.0233664322397042,1.8163013586156784
81,12,2.387504646179778,2.391393919579874
81,13,2.154860197322345,4.219314448293005
81,14,2.6208101704444755,2.4798138549480764
82,1,-6.913433673507915,9.21523080139803
82,4,-10.973282823352775,9.868488188333153
82,5,5.349420149095648,5.386448945529255
82,7,7.5002563148449335,6.574585643580628
82,8,2.527961765711296,7.150031582909874
82,9,2.8990414874348853,6.381679460433979
82,11,5.20287121592891,8.890861760235419
82,12,3.5957928223899245,7.448607616314126
82,13,3.797155652076732,6.268852353845729
82,14,0.699987589756101,6.648895868765681
83,1,5.259737495017296,1.9631684442055533
83,2,3.062419880457191,2.688077375232717
83,3,4.1480279989346265,4.574895024302119
83,5,7.978815891649993,2.120681946828808
83,6,-1.8261485098361097,4.00641736386862
83,7,4.077240617068993,2.9621197019757997
83,8,5.768755966053552,1.2918555817307231
83,11,4.4992163690747295,2.3243749795785624
83,13,11.78202291816426,1.274105881347386
84,3,4.904855194347617,4.931761932678907
84,5,1.7560405814952418,2.9648072727462695
84,6,8.120358395335677,2.836522149891328
84,7,5.356521353311904,2.6821196344670946
84,8,6.195189693692242,2.9558859864316043
84,11,10.673331678953442,2.3149666692729953
84,12,7.487643065958729,2.1920691755956625
84,13,8.074598231609968,1.601855319026498
84,14,7.60285674004135,2.4505637298728895
85,1,0.1334836770479173,4.79376634044639
85,4,4.189147702398636,3.765686682463917
85,6,0.9519874433585229,5.09102040483451
85,7,1.9802097961294884,3.3227395346539375
85,9,-4.343553698996499,5.2092190766563835
85,10,-2.8825607264705666,4.838248779386961
85,11,-3.1808090259116386,6.0066874058924995
85,12,3.7608055717656557,4.92385821387055
86,2,3.927822787743331,6.911781913094779
86,3,-1.5210957599765318,8.002220236837173
86,4,-3.6726195764209537,6.665057101398455
86,5,-2.0275138101702495,7.310703649909215
86,6,4.584706789134562,5.864508648552152
86,7,3.3243045452394133,5.6228716611800715
86,8,2.721352770578579,5.929543345644732
86,9,2.92544793930241,5.155257719473015
86,11,-0.6368069766201324,6.4849620240747035
86,12,0.11000425034740957,6.575360950969152
86,13,6.093708917441646,5.073249635432384
86,14,3.143923942211755,6.2103743292235665
87,1,6.9883881645372075,5.46148599335349
87,2,7.235346542735201,4.276174968311782
87,8,14.178311005322312,3.7247048130573273
87,9,3.0520490416925714,5.117917237820363
87,10,8.05639933914124,3.354227429999847
87,12,5.581034986117194,6.470532668270065
87,13,7.595052112676876,4.832071380102697
87,14,9.959705392906942,3.763981507679137
88,1,13.562064548354925,3.3160723592512436
88,4,7.781446586915276,4.748132565181978
88,5,6.063226579267415,3.5085222081848824
88,7,4.354882115713683,3.744201758310677
88,10,0.3801608059662702,4.582765260643241
88,11,0.8960189227474775,4.978237734950883
88,13,2.744388226312868,3.367428023019823
89,1,-4.100515919050226,7.3843443501952395
89,2,1.282257633429703,6.7164695480377015
89,3,1.063983423627537,7.031051843844982
89,4,0.7508036970363388,7.135339737762838
89,5,-2.5119509319023914,7.344074964493551
89,6,-2.721546086665463,7.014662932209146
89,8,0.3118331012898715,6.30469846488984
89,9,-5.5931409102732355,7.167316225938974
89,10,-10.366683655276166,6.990580732546805
89,11,-8.604910932529634,7.250014973086245
89,12,-5.085392965269189,6.403479582363398
89,13,-3.056446531669794,7.11776009590855
90,1,-10.818963272997141,8.247360667346989
90,4,-14.24366441096024,8.882121674479917
90,5,-7.3878095800260155,7.59547192101661
90,7,-22.004116522458524,10.89582830731424
90,9,-7.868673027679027,8.803512584751855
90,10,-10.537796322927834,8.494753140354616
90,11,-3.7037656585222556,7.1223979063078104
90,12,-14.295331467191296,8.519320573944876
91,1,13.205713957047077,2.3206593363570382
91,2,10.91347384445064,2.396323324816266
91,6,3.1470205745496607,1.9602115976379442
91,7,2.0649708938350084,1.9093699774945083
91,8,3.7181998473168445,2.5563927156653565
91,9,9.874596292778392,3.1065551017939885
91,10,9.574373754349908,1.2924558849879113
91,11,8.64761099335457,1.815596182245776
91,13,11.909554378557154,0.8703611815693448
92,1,-4.620179584596525,6.636346821326489
92,3,-2.2934459970485515,5.810242976135772
92,4,-4.290600150415921,6.41487228367323
92,6,-12.317708541248725,8.479924257832405
92,7,-10.549194912421225,8.278099000292086
92,9,-3.4428316680504896,6.610436614023021
92,10,-10.934773876012969,7.4789195354558204
92,11,-10.397405520035118,7.4803362584897375
92,12,-20.07573759329105,9.738644256639205
92,13,-3.1351137799815882,5.70721162005613
93,1,12.645813075700504,3.9311262556696867
93,5,7.64175876009982,4.581260759035952
93,8,13.915518839816755,3.3502809554098185
93,9,7.177004536350589,4.246117413031428
93,11,14.47834401075067,3.1233673496205485
93,12,9.105744688893605,4.0686085957026235
93,13,13.242906799541863,5.470167154446737
93,14,12.580005017471649,4.28157937511568
94,1,-2.7973869933208912,6.558153927790452
94,3,-4.823060542929895,6.36568872506897
94,4,-4.178479264765915,5.328908041656913
94,7,5.284621300181851,3.707686820485244
94,9,-7.187041182297801,6.878180898564422
94,10,0.35789933292141773,5.326847023451336
94,11,3.3684880038635674,3.2839048264268085
94,12,-4.638568990195259,6.243783778392108
94,13,0.8762146636209758,5.181151931725004
94,14,-2.6252324639404243,6.490138971769948
95,1,3.8968746972227404,1.850384880388417
95,4,2.1350962097705937,2.386836797313071
95,5,-0.060672434151771426,3.453358071846317
95,6,7.370359480674509,1.0580256408662434
95,7,-0.44286759684252675,3.087995559842758
95,8,1.0837240973095015,2.1038291610014186
95,9,0.5352300578009084,1.5061237212487462
95,10,-0.3752582640689841,1.4724051614818872
95,11,-0.1093895704568344,1.6363878084457064
95,13,-0.6582947764371907,1.5111979704342833
95,14,3.422669915515616,0.6862237675827945
96,1,12.466306517647242,3.9049274741068523
96,2,10.305384234488244,5.174253801019342
96,4,5.358355102998286,4.198749979494073
96,5,6.948527558861567,3.6943024859840885
96,6,6.6936104726158385,5.150210688966808
96,7,9.68360612843562,3.520756257362292
96,8,12.637249575206134,3.7557075614483337
96,9,8.5687766025837675,4.905631374340263
96,10,9.760637397892586,3.9866139401090495
96,12,9.28808351423806,4.710944334531275
96,13,12.530080231640225,3.2454133394503524
96,14,11.785199646155041,3.845869701177422
97,1,-4.103237971416875,4.740267767403376
97,2,2.9565217739694796,3.39715777564589
97,3,0.6299880996352141,4.551845080043863
97,4,5.391473345221432,2.315957296650209
97,6,1.4538870119821026,2.4019199581818995
97,7,-2.642516124655495,3.471540912095567
97,8,-5.804054119061929,4.609691824192118
97,10,-0.18094773388600283,2.519406732759325
97,11,2.024247505474089,2.889099976192878
97,12,0.6639446541245186,4.54459979393557
97,13,2.5720940631178184,4.155263723172784
98,1,-6.243169607324145,4.018735307460336
98,4,-8.34549210731279,4.123375575087663
98,5,-14.355474983964609,5.142108057113924
98,6,-19.717246130298236,6.454633864665148
98,7,-7.830345118176259,4.375055470346858
98,8,-10.888340388479486,4.88638876782045
98,9,-11.046943230253019,4.435272333723239
98,10,-12.023957306072967,4.861269497624279
98,11,-13.284341269818775,4.961042964104941
98,12,-11.94498862818381,4.400087793590802
98,13,-6.177676560760199,4.721639937827561
98,14,-9.158766162737855,4.890431918863586
99,1,-7.219723728042361,5.004250118234042
99,3,-5.830148332047303,4.757263605607779
99,4,4.898362668999409,1.3803821690144886
99,5,0.22619666243095427,2.670276958355054
99,6,-6.779927562918315,6.421361178891751
99,7,-2.354900774926108,4.384315986114313
99,9,2.4194829573525976,1.1606284024212843
99,11,-9.385663394371203,3.760144318991175
99,12,-2.3148720865632613,3.122055798647689
99,13,-6.563548367540574,5.079488264339378
100,1,2.177391507052417,4.850215852005692
100,2,-0.5509829661494965,5.067626053202385
100,3,-4.783589495313317,7.430335938357754
100,4,3.775848949236906,4.764412351355239
100,6,5.50422111411398,4.906643675439728
100,7,3.6375037102460865,4.2326006535068394
100,8,3.1225125428042886,4.445798247280003
100,9,3.548431770611435,3.97393154611129
100,10,-3.3439141499163294,6.089840918521539
100,12,-2.1411997269032286,4.978819102745466
