subject,studyday,time_ping,workout,sleep,mood
1,1,1.33,1,7.716347729483057,34.32083285457323
1,2,2.33,1,3.0977944012829814,30.364206119583528
1,3,3.5,1,8.392637333407599,35.3304686039572
1,4,4.83,0,7.206757858251009,35.75874666798301
1,5,5.5,1,6.084588482597192,35.33601037992918
1,6,6.5,0,5.87512362445813,34.93103566133147
1,7,7.67,0,7.472109570481114,34.21062930591386
1,9,9.67,0,9.10956475978089,40.091435269774905
1,10,10.33,1,8.097465900134907,35.63116245519691
1,11,11.33,1,6.31193124667792,32.72510419019687
1,12,12.67,1,5.953927033284632,36.29299125052025
1,13,13.83,0,5.650979722076758,37.15373073032497
1,14,14.33,0,7.848721897493756,38.77038012314682
2,2,2.83,1,5.051298174030147,41.62682345826367
2,4,4.83,1,6.195436156525171,48.86783950950052
2,5,5.5,0,6.078662245102576,44.47082861902036
2,6,6.33,1,4.004143570416799,40.33014584699649
2,7,7.83,1,6.050301926313264,46.70807114340058
2,8,8.5,1,4.889002829176352,39.8800887554916
2,11,11.5,0,5.016679376982139,38.11132500490891
2,12,12.5,0,6.787466922248571,43.51117732186736
2,14,14.83,1,4.456805413663593,39.40751785555306
3,1,1.33,1,9.573453368289021,59.89255009357661
3,2,2.67,1,6.689460946552715,57.38652092595413
3,5,5.33,0,7.3382775054801845,53.62739839570436
3,6,6.33,1,7.531081178913886,56.53517470329646
3,7,7.33,1,7.337371808247964,55.52624268403848
3,8,8.67,1,6.395732155961845,55.71692847576145
3,10,10.67,1,8.10063344068946,57.511104340246405
3,11,11.83,1,9.80266913153499,61.4896246662914
3,13,13.33,1,7.463185072960504,55.36148855832422
3,14,14.5,1,6.213547563308733,56.280102600956354
4,1,1.83,0,5.019847921866103,45.54040964689595
4,2,2.5,0,4.732304094082548,42.5277385960667
4,4,4.33,1,6.427182078839376,55.39118935739566
4,5,5.5,0,3.9239114429181243,47.72432347920495
4,6,6.33,1,4.679850229535268,55.361884374399104
4,7,7.33,1,6.2481914934356375,58.80586058611594
4,8,8.33,0,5.295104142336186,51.595131985449086
4,9,9.67,0,6.445376462568542,48.59649686252186
4,10,10.5,1,3.011254893392978,51.34605841678394
4,11,11.5,1,4.145711403368777,52.8912213344438
4,13,13.83,1,4.177561258116768,57.89015909221187
4,14,14.5,0,4.882855477527247,51.38464301508407
5,1,1.67,0,5.147702711249077,42.810737313846715
5,2,2.5,1,5.982275166951076,50.61472809213598
5,3,3.33,0,4.428141123992403,41.418594483064126
5,4,4.67,1,7.4035879004894785,46.7295408376755
5,5,5.83,0,6.153909424611841,49.30388595378077
5,8,8.83,0,6.939960762269018,50.399205648320766
5,9,9.67,0,6.523279066800792,45.08812419604265
5,11,11.33,1,7.374546357090244,42.083552183402155
5,13,13.33,0,7.15440286533016,44.89577652316964
6,1,1.5,0,2.3741348638653013,41.140328538303976
6,2,2.33,0,3.020582737791779,44.19979472441182
6,3,3.67,1,3.4415820443803318,41.27335890827288
6,4,4.83,1,2.346501420204466,40.44697073431387
6,5,5.5,1,1.995489061110725,43.03086327141784
6,6,6.5,1,5.739675262688106,49.62767647188254
6,8,8.33,1,4.439225009581787,44.935389542051595
6,9,9.67,0,4.381738120532262,48.606598951309955
6,12,12.67,0,4.191890378867329,45.25513859247036
6,13,13.5,1,3.286156583084177,42.48001837744164
6,14,14.67,1,5.184792104481839,44.65831440168476
7,1,1.33,1,8.048415123695879,53.434196506699884
7,3,3.83,1,7.590211620370145,60.07047654985721
7,4,4.5,1,8.169098803174151,56.64691096788616
7,6,6.5,1,8.995940528532813,59.80371301534984
7,8,8.83,0,5.868665205026579,47.49189998391587
7,9,9.83,0,8.519874780665946,56.04154419635116
7,10,10.33,1,8.856505548658916,61.376479923617026
7,13,13.67,0,7.497261702641349,53.58534483534257
7,14,14.83,0,7.394240019426705,50.58614273633358
8,3,3.67,0,9.284019891565544,54.29514666435366
8,4,4.5,1,7.06288176635996,55.081889278323885
8,6,6.83,1,8.954026207120968,59.73187982261699
8,7,7.5,0,8.778289068444552,57.32213827622382
8,8,8.5,0,9.155360032175816,57.12007686704002
8,10,10.83,1,8.667320918003762,55.6294081667048
8,11,11.33,1,8.660342895962694,53.97607573075503
8,12,12.5,0,8.260250585493301,53.86380265389036
8,13,13.33,0,9.318570631792118,55.27264608963956
8,14,14.67,0,7.678626017378391,50.278866466399435
9,1,1.67,1,8.02566345245555,52.62129058456592
9,2,2.5,0,5.7127447466817705,41.25644681419841
9,3,3.5,1,7.281217299524496,52.40463002347229
9,4,4.67,1,7.065145295889829,50.12884681081791
9,5,5.67,1,9.94801881045418,54.8893077826953
9,6,6.67,1,6.964166558283323,52.16187233533716
9,7,7.5,1,5.402129319245598,44.87580270737783
9,8,8.5,0,6.203217165456164,42.27128747952195
9,11,11.33,1,6.046389893562694,48.93824417289219
9,12,12.83,0,7.953719351564781,46.19507379022857
9,13,13.67,0,5.336172694392028,39.32119036313308
9,14,14.83,0,6.238551622567291,40.66440870754273
10,1,1.67,0,8.608697914199782,42.705959775571124
10,2,2.83,1,6.91546487964587,39.50571427484244
10,3,3.83,1,7.718845761859351,42.10715911402313
10,4,4.33,1,7.920485736481265,45.38701111623196
10,5,5.67,0,7.410811062109288,42.35689541796768
10,6,6.67,0,7.985414798265939,41.8004613669115
10,8,8.5,1,7.0654945079730656,43.66612713035725
10,9,9.33,1,8.702175179766742,43.918654338862595
10,10,10.5,1,9.483006785037484,45.796145440708145
10,11,11.67,1,5.975202035186904,38.15431925588
10,12,12.67,1,9.44659417132799,41.615566892114074
10,13,13.33,1,5.511759504511462,37.942191774476754
10,14,14.33,1,7.951173953573004,39.90161309220118
11,1,1.67,1,9.62204678221146,51.71384351474788
11,2,2.83,1,6.761581595187313,50.71618866272926
11,3,3.33,0,6.741992431897962,46.138695982383815
11,4,4.5,1,8.371545992531,49.841537385930586
11,5,5.67,1,5.579940413899555,46.57704231396886
11,6,6.83,0,6.379457152338333,45.76692228138867
11,9,9.5,1,6.785778478267612,51.211168050315216
11,10,10.67,0,7.375287116838312,46.971785509072085
11,11,11.67,0,5.035118814232699,48.16322004242895
11,13,13.67,0,6.620783917590239,45.96778254978282
11,14,14.33,1,8.00901336383373,50.73218172985481
12,1,1.33,1,8.655507535948091,73.41588928740019
12,2,2.67,0,8.07106927318054,61.260430000054974
12,4,4.33,1,8.682339612549939,70.67201378958309
12,7,7.5,1,7.31732923670978,67.31638878606725
12,8,8.67,0,8.280203335553024,60.88919384969319
12,10,10.33,0,6.949215177309324,61.777763337330214
12,11,11.5,0,10.272754885241255,63.57935049039903
12,12,12.33,0,8.8537883078752,63.34211732494874
12,13,13.83,0,8.705831141141775,61.757768505987315
13,1,1.83,1,3.0315617969927255,35.44537920319996
13,2,2.67,1,4.016056232123323,42.554673696193134
13,4,4.67,1,5.519748004613632,51.574566834506044
13,5,5.33,1,4.952924484930874,50.41846284169493
13,6,6.5,1,6.386786141222445,51.05279335395821
13,7,7.67,0,6.718904660660123,48.00357763010694
13,8,8.67,0,4.135333142538594,37.18808243849616
13,9,9.5,1,5.236886975648966,46.97504777246698
13,12,12.83,0,7.681950669625574,52.09531223341222
13,13,13.83,0,6.290663136049403,47.359653374013156
13,14,14.5,0,6.649720986190638,48.32850216188714
14,1,1.83,0,3.5705517569433294,39.06224131039427
14,2,2.5,1,5.736814138636958,46.72068654535706
14,3,3.33,1,2.537694409830374,40.42320450286738
14,4,4.83,1,4.177793787878385,43.63864623556381
14,5,5.83,0,3.823556722512733,43.48099540665537
14,6,6.67,1,6.269814530245494,47.519152888160306
14,7,7.67,0,4.128473667452796,36.06766111375142
14,8,8.83,1,4.083309613638604,45.827334303799454
14,12,12.33,1,3.6732967777212115,41.70820363600255
14,13,13.5,0,4.664275563342815,38.97513337146268
14,14,14.67,0,5.156816015074568,45.19023308870815
15,2,2.83,0,5.560199674159328,47.584361890317986
15,3,3.67,0,7.291049376255329,49.72304237059642
15,5,5.5,1,9.260543457893478,55.55347129061599
15,6,6.33,0,6.90418534384506,53.03930369259618
15,7,7.67,1,6.3925619182932305,51.351373463982455
15,8,8.5,1,8.159210618113006,53.341209279083984
15,9,9.5,0,8.162542853546949,51.24511619563669
15,10,10.5,1,5.732207348741582,47.77395382725513
15,11,11.33,0,9.508683949104315,49.50447284354547
15,12,12.33,0,7.667543921064189,49.137164094413
15,13,13.5,1,9.49565153227515,51.425973937416366
15,14,14.33,0,6.155113730568962,47.92852522663897
16,1,1.83,1,8.02921370491961,61.42350708145973
16,3,3.83,1,7.621278423895827,53.15999872747325
16,4,4.5,1,10.219441999388174,57.62471471619052
16,6,6.83,1,6.956765781961015,56.371808879955864
16,7,7.33,0,8.838536902369311,55.9922995713735
16,9,9.5,1,6.56408313381456,56.50737114009253
16,10,10.5,1,8.258765209981854,60.264544827333886
16,11,11.67,1,9.315162749519537,57.585804627558716
17,1,1.5,1,8.266326526818904,47.45424273258993
17,2,2.5,0,4.803206318723722,48.261564514445695
17,3,3.33,1,5.404677876427248,44.09153953486982
17,7,7.33,0,6.591802054974871,47.57482279197851
17,8,8.33,0,3.1647946592520775,43.45356152591868
17,9,9.5,1,3.9653807937480687,38.22091810040638
17,10,10.33,1,5.856231873342739,37.27141716431622
17,11,11.83,0,4.88252697502109,45.77129926968295
17,13,13.5,1,6.644787274658582,40.49540567407345
17,14,14.5,1,6.747540950961212,43.38381418026543
18,1,1.67,1,11.075157499654392,68.08899152034857
18,2,2.5,1,5.966414157691251,54.797572502958126
18,3,3.33,0,5.942514535475657,50.675835297638585
18,4,4.67,0,6.566038682340609,52.772353357419405
18,5,5.5,0,6.594368268239534,54.7562205426963
18,6,6.83,1,8.280029182982574,64.09025471569404
18,8,8.33,1,5.700645602905965,56.72259470419037
18,10,10.33,0,6.834817468989454,51.58533220855391
18,11,11.83,0,7.678107132059916,61.29199276837597
18,13,13.67,1,8.450317952246657,63.74345745135164
19,1,1.5,0,6.412219298823776,51.841777719756564
19,3,3.5,0,6.5657110236399605,50.05466018503294
19,4,4.33,1,8.504691436574463,55.89445372158778
19,5,5.83,0,5.7268845265753106,50.88392427581091
19,6,6.5,0,4.738871697825861,50.321590132579374
19,7,7.33,1,7.446632704547986,54.23364440106822
19,8,8.67,0,5.481326613547442,49.51509261131709
19,9,9.83,1,6.707971048210464,53.16763161736288
19,10,10.67,1,5.8359521772132315,53.29665263920827
19,12,12.33,0,6.7548001632801284,48.97028585559482
19,13,13.83,1,6.10401227575934,52.70860125984885
19,14,14.83,1,8.440385386569687,56.62742266679215
20,2,2.33,0,5.27766719136905,60.25997549195167
20,3,3.5,1,8.208728911636198,62.279259883531
20,4,4.83,1,7.501178726272605,58.15856214497392
20,5,5.67,0,4.921234168856309,52.483001250964975
20,6,6.5,0,2.985740466643647,50.93400126892181
20,7,7.5,1,4.821590738392306,55.59551733804664
20,8,8.33,0,6.198864497932847,54.15811708636368
20,10,10.5,1,6.397681755526553,55.37308840326413
20,11,11.5,1,7.010157502382598,57.20007419810221
20,12,12.5,0,5.64099960905376,54.37278204738294
20,14,14.67,1,7.0787526369136415,58.118386310075486
21,1,1.33,1,6.469108474047261,56.52465042779373
21,3,3.33,0,7.32396398791211,55.81805201984814
21,4,4.33,0,7.006846081970289,54.04508451972076
21,5,5.33,0,8.228023637567103,56.83024742449445
21,7,7.33,1,6.785289864092758,55.88253216470755
21,9,9.5,0,5.850728962138002,58.43525914595066
21,10,10.83,0,10.32743824406607,60.452912594854325
21,13,13.67,1,5.327468300522763,58.08938283561937
21,14,14.33,0,7.09074676249764,59.24063663010439
22,2,2.67,0,5.21285456940273,53.6397386984809
22,3,3.33,1,6.846083539634904,55.46215344373077
22,4,4.83,1,7.18470372704262,53.310971721256884
22,6,6.33,1,7.487949118805178,55.56654429672437
22,7,7.5,1,3.8994277659866508,46.977547884867576
22,8,8.33,0,7.4882732509536485,56.15466565404071
22,10,10.67,0,8.888495673273372,56.4818838292918
22,12,12.33,1,5.880500422981627,47.34495981328184
22,13,13.5,1,4.862490472874714,44.40778676039414
23,2,2.33,1,5.249475596928469,45.255400477154275
23,3,3.33,0,5.274200645048046,41.239918303678095
23,4,4.83,1,7.565678996043801,42.73515488944545
23,5,5.33,0,7.143597059206623,42.2428925578289
23,6,6.5,0,3.6655085219065446,44.385680309773804
23,7,7.67,0,8.442708553518933,40.818022073953586
23,8,8.33,0,7.5625725193438535,39.23071454766353
23,9,9.67,1,5.715903915974436,40.62590048835302
23,10,10.33,1,8.471457850648186,43.097167199314875
23,11,11.67,1,7.028491090670604,44.53653080353212
23,12,12.67,0,4.838175951677361,39.67803667538454
23,13,13.67,1,6.10826816266855,45.568705154374285
23,14,14.67,1,6.626263014047327,42.93152400337372
24,2,2.33,0,6.060172157138364,54.4889694925274
24,3,3.67,1,4.507402798458488,54.70027185470962
24,4,4.67,1,5.932875171697194,56.17710445213473
24,6,6.5,0,5.465579619358407,52.97993295239608
24,7,7.5,0,7.109937221795652,58.38165174501791
24,8,8.33,1,7.184095725594662,59.871723286691086
24,9,9.67,1,6.4829336414497565,56.54714448464632
24,10,10.67,1,8.543388221725246,60.807947312049244
24,11,11.67,0,6.665319421567021,54.544403035208454
24,12,12.67,1,7.920174988820469,60.14536601988209
24,13,13.5,0,7.514461014977674,56.70703388836942
24,14,14.5,1,8.072987808058052,60.512810545215494
25,1,1.67,0,7.108182888518292,52.936060182620714
25,2,2.33,0,6.149108403181953,46.69109124822759
25,3,3.33,0,5.312600977667682,48.82481773063517
25,4,4.67,0,6.380276416552727,49.42468257899844
25,6,6.5,1,5.360412936732237,53.201035479188114
25,7,7.67,0,7.67727239064655,47.59293596069585
25,9,9.33,1,7.012805831151634,46.139230104731844
25,10,10.5,1,8.793861298307036,45.92879152212111
25,11,11.33,1,6.1627318105189834,54.69551777498783
25,12,12.67,0,6.066724105648672,43.78931508180414
25,14,14.5,1,6.661839863296732,46.87713438578178
26,1,1.67,1,7.041478915398794,54.059618848038106
26,2,2.67,1,6.064659161096413,55.60190292062078
26,4,4.33,0,5.687290923515582,49.47171585552192
26,5,5.83,1,6.292912219566514,55.533312162904885
26,7,7.67,0,5.818176915924353,52.40062050101033
26,8,8.5,0,7.936184221098319,49.93427480029664
26,9,9.83,1,7.169331203528408,53.31847122331932
26,11,11.5,0,6.946826975528143,53.65787792373552
26,12,12.33,0,7.424220450651527,55.01058643552266
26,14,14.83,1,7.807710769768802,59.71437164209449
27,1,1.83,0,6.064737125017352,48.00315468372632
27,3,3.33,1,9.172816868902032,53.518461291120836
27,4,4.83,0,7.461067262651229,49.38756730818421
27,5,5.67,0,8.650014889403753,48.81531130999369
27,6,6.83,0,8.840505988742873,46.88757932693883
27,7,7.67,0,7.875194557857186,49.32774109482615
27,8,8.83,0,7.901858882604408,51.91023007638946
27,9,9.67,0,7.543707639410074,47.443246763305794
27,11,11.67,0,7.634043058160383,50.95139903200581
27,13,13.83,0,9.799218112761611,48.671428716311745
27,14,14.33,1,5.706268973477165,51.79308588363442
28,2,2.83,0,9.139734520594457,60.672460754035896
28,3,3.67,1,6.458260091541675,50.197871472150354
28,4,4.67,0,6.8714391444651275,50.92707997418987
28,5,5.67,0,5.890267429636904,50.339106649050485
28,6,6.67,0,8.989107197184335,60.100671124214976
28,7,7.67,0,8.559911231057047,61.614497052618525
28,9,9.33,1,7.401968554011098,55.409490500521215
28,11,11.67,1,6.023460382533576,49.24518575865347
28,12,12.67,0,8.405799645850408,59.11489120904858
28,14,14.67,0,7.716672055895695,52.301826690135094
29,3,3.83,1,7.138060166615589,60.66862830761684
29,4,4.83,1,5.998789854155323,54.70882424275351
29,5,5.5,0,6.745623432009367,58.6126967665173
29,6,6.5,1,7.246826017802821,59.67498405466041
29,8,8.33,0,6.190171166339093,53.79091634296733
29,9,9.33,1,7.321954703174032,57.827962233557194
29,10,10.33,0,7.279959129155319,57.99049111060383
29,12,12.83,1,5.979640192946989,55.72377413952831
29,13,13.67,0,8.304707760222799,60.65821841014722
29,14,14.33,0,7.783110148416542,60.6784776166858
30,1,1.67,0,7.562713177881345,53.24109952604742
30,3,3.33,1,8.68363494754992,61.15188691106442
30,4,4.67,0,6.78109704274532,50.0074589128271
30,5,5.33,0,8.960034490327448,59.59340693990276
30,6,6.67,0,9.689901107654357,56.832739235001966
30,7,7.67,1,6.828382427622282,58.075901285225555
30,8,8.5,1,7.1675569405959365,56.93719151431368
30,9,9.83,1,9.092516532170828,60.468337658163406
30,10,10.67,0,7.973567113748634,51.35510007027784
30,11,11.67,0,7.572003297389074,52.39326730278945
30,12,12.83,0,8.654001058010046,54.812343456535956
31,1,1.5,0,6.049469680940518,47.88531811084348
31,3,3.33,0,4.623536756121659,39.416194655630164
31,4,4.83,1,3.2811640825916686,37.5215644987161
31,5,5.33,0,6.124817377561867,44.92684988105426
31,6,6.5,1,6.511825747563595,45.20119784600698
31,7,7.83,1,5.830765482002209,41.848099087604126
31,8,8.5,1,4.1887762074570745,39.625757810074425
31,10,10.83,0,6.02877514740526,44.63021387026329
31,11,11.67,0,5.882322690002998,44.28507286337834
31,12,12.33,0,5.406431595135654,41.56084695488984
31,13,13.33,0,6.4570176619813955,43.6418966790623
31,14,14.67,1,6.578722197337138,45.85855889932626
32,2,2.33,0,6.142334417861069,48.492127325740185
32,3,3.67,1,4.908616009408819,50.79263149652765
32,4,4.67,1,5.541176841156216,54.44486550676502
32,5,5.67,1,6.798089819715602,57.5014953483483
32,6,6.83,0,9.631245546818722,59.803307405770816
32,7,7.33,0,6.594738848689163,51.67402703594094
32,8,8.33,0,5.879248892051653,48.17251350122315
32,9,9.33,1,8.093653692015772,61.09235723557581
32,10,10.83,1,8.417659798102026,63.71549423829347
32,11,11.67,1,8.109091014810842,62.50377504183661
32,12,12.67,0,5.151086168057226,50.40424196720045
32,13,13.33,1,6.159245093793692,58.774287574632275
32,14,14.5,1,7.738199591664152,57.94303225060971
33,1,1.83,1,6.349952200470598,59.98285955082115
33,2,2.33,1,8.259091444258736,59.6470339331542
33,5,5.67,1,7.592032438736917,55.95386501057853
33,6,6.67,0,9.670436767505837,52.332512220865176
33,11,11.5,0,7.948036188861023,54.61310695004038
33,12,12.5,1,7.159946742656035,61.915080298950734
33,14,14.33,1,7.538842004352703,63.58086708287322
34,2,2.83,1,6.669917235894582,46.89896391961104
34,3,3.83,0,7.332878365834672,51.88692360830932
34,4,4.33,1,8.996802525354203,53.67441666865016
34,5,5.83,0,6.742769969369918,50.99407880177956
34,6,6.5,1,5.131327913623859,50.21499029326858
34,8,8.83,1,10.763462726649774,51.240927526874636
34,10,10.83,1,7.315052315881728,47.60353626741053
34,11,11.33,0,6.83843074467605,50.25535206803761
34,12,12.67,1,9.794900363669539,52.97608418844556
34,13,13.67,1,7.436536619431955,53.41335500209913
35,1,1.5,0,6.790849806151793,40.44947536353225
35,2,2.33,0,6.287756627215601,34.94427254516194
35,3,3.83,0,6.045457425761853,37.331616310007995
35,4,4.67,0,7.903921877613536,41.45746785670528
35,5,5.5,1,7.362902244659706,43.98025669929013
35,6,6.33,1,7.2546532554754775,42.51762729514912
35,7,7.67,0,6.088957763572534,35.005200173134824
35,8,8.5,0,5.224897946156253,36.164961288763244
35,9,9.83,1,5.063618302884229,43.95000936009876
35,11,11.33,1,7.316369938019776,46.31546440012228
35,12,12.33,0,6.522837374052807,44.21012424535746
35,13,13.67,0,4.169815241585953,37.7404191845323
36,1,1.33,1,8.642137236432356,57.13892316452857
36,3,3.5,0,7.601294618216412,55.389147842744315
36,4,4.83,0,6.280029126818471,54.4223728242555
36,5,5.33,1,8.880501144331824,57.43634093690775
36,6,6.83,0,7.057575687355958,53.52439168052558
36,7,7.83,1,4.953224834767568,50.3481866996134
36,10,10.33,1,7.296289849651791,55.814555743347384
36,12,12.67,1,6.147893119313822,50.34474922200274
36,13,13.67,1,7.9849298407838525,52.429911094419154
37,1,1.33,1,4.244149486824037,48.370140659268046
37,2,2.5,0,6.943342923074268,51.08174570289822
37,3,3.83,0,7.149154958614941,50.42665384124422
37,4,4.67,0,5.984318200900171,48.42355869607882
37,5,5.33,0,6.5781838368788925,47.30943704825351
37,6,6.5,0,4.992995140903734,43.95345489815852
37,8,8.33,1,5.726974748597126,47.99229743188902
37,9,9.5,0,5.884453283460208,46.945727646125015
37,10,10.67,0,7.286185752205558,54.25533936078253
37,11,11.83,1,6.336173042041798,54.64152419954881
37,13,13.67,0,6.722170219488396,49.88158206125226
37,14,14.33,1,5.16846490563413,46.03409223116598
38,1,1.33,1,4.713279812894617,42.645067477366545
38,3,3.83,0,4.4214085098049,47.58403742210899
38,4,4.5,1,6.533767695464573,48.78642750978248
38,5,5.33,0,5.568635189839982,47.63382609519115
38,6,6.33,0,5.726436445684631,49.17437321741829
38,7,7.5,1,5.27010225682317,46.492084137292785
38,9,9.67,1,4.408422544801125,45.16239360312573
38,10,10.33,1,6.0862349676999,50.5769899618572
38,11,11.83,0,6.149231940099283,48.73922516218594
38,12,12.5,0,6.053774358693331,49.533859915628675
38,14,14.67,1,5.762651332848363,47.61561175253773
39,1,1.67,0,6.621548244114517,51.971451079683995
39,2,2.83,0,6.2417665850658395,50.23078006805515
39,3,3.67,0,5.633253527145308,48.714112108077096
39,4,4.83,1,4.7721588950268075,49.25239712568099
39,5,5.67,0,4.0137418400000735,42.457465953818705
39,6,6.33,1,4.213469320041073,46.629388237502866
39,7,7.67,0,6.900316326992083,52.514046061255925
39,8,8.5,1,5.746525594063319,53.00144766297805
39,9,9.67,0,5.374795581872552,44.541176031539095
39,10,10.5,0,6.689342346647135,49.5300838436401
39,11,11.67,1,5.3322138999085835,53.33230342528659
39,12,12.33,0,7.575038276230095,57.103054373903674
39,13,13.33,0,6.895676569311249,59.50944623919623
39,14,14.67,0,4.5516895490993505,48.81992321557344
40,1,1.83,1,9.320611331375023,65.61206092217763
40,2,2.33,1,7.402915623304271,55.195565907341646
40,3,3.33,1,9.556396349904055,67.87368735089169
40,6,6.67,1,8.571853418678272,63.198519801430635
40,7,7.5,1,7.873865578791883,58.258286850486876
40,8,8.67,1,8.674644187835813,60.99564855439817
40,10,10.67,1,8.503185078704789,62.33798875339879
40,12,12.67,1,8.421504650927893,66.802160804685
40,13,13.67,1,10.848603609554019,72.37946315425486
40,14,14.33,1,7.075249851254668,57.44669740618156
41,1,1.67,0,9.241924072350937,59.03796986970365
41,2,2.33,1,8.294835553616904,55.77786183604615
41,3,3.67,0,8.13977526929647,51.75005002912177
41,4,4.33,1,9.052576739852231,56.933812471581994
41,5,5.5,0,7.51659047958824,51.58768080134486
41,6,6.5,1,10.027425329695049,56.50559593472641
41,7,7.5,1,8.76986309875879,57.39131986700456
41,10,10.33,1,7.9271921137108885,57.831099668774996
41,11,11.83,0,11.440986746163357,64.96694903817992
41,12,12.33,1,7.55709473050548,58.71092021652596
41,13,13.67,0,7.998865251602038,56.03183785481717
41,14,14.83,0,8.114839610270915,56.482244169407224
42,1,1.83,0,4.43581965991978,47.60494558109213
42,2,2.5,1,8.313679732604495,59.14837885474818
42,3,3.5,1,6.00838793186056,55.78966395637785
42,4,4.67,0,7.084746803827673,54.3802055687558
42,6,6.67,1,7.646460277041121,56.29041516379575
42,7,7.67,0,7.167068415752282,49.52840208345029
42,8,8.67,1,8.071413882880407,60.2759234870087
42,9,9.5,1,8.004636104231139,60.681625178451554
42,10,10.33,1,7.855025433050193,59.69223061144825
42,12,12.83,0,6.258883705503014,49.43302013252516
42,13,13.67,1,7.796961131574606,56.366104190108295
43,2,2.5,1,2.2949469519852386,41.48598781872779
43,3,3.5,1,3.3236752961391423,43.54292215261342
43,4,4.33,1,4.784304821436467,49.50155493548676
43,5,5.5,1,4.383514652667545,41.56728368102941
43,6,6.5,1,3.7404001412089767,40.63799512812422
43,7,7.5,1,6.055303597202138,50.59533159164177
43,8,8.33,0,3.6824806655060005,44.69739835358877
43,10,10.83,1,5.228364547387187,44.12628713458643
43,11,11.5,1,4.352046466032626,42.12652795473479
43,12,12.67,1,5.569530706621051,48.16447462260711
43,14,14.5,1,3.51610623977916,41.924652029167746
44,1,1.83,1,5.920159285322736,43.015130756286666
44,2,2.67,0,4.858611553270102,33.757198805853456
44,3,3.5,1,5.780479497404676,44.18900558761506
44,5,5.33,0,4.058215524094814,37.331326995979495
44,8,8.67,0,6.094857947391569,37.24053811856846
44,9,9.67,1,6.24552690037743,43.66618518650936
44,11,11.5,0,3.731823540855948,36.03737572058999
44,12,12.83,0,3.3918835595596226,31.056627464768194
44,13,13.67,1,5.621954034575373,41.21808684323545
44,14,14.67,0,5.678867653250988,41.06196000673087
45,1,1.67,0,3.7596307100398496,46.79929889084624
45,2,2.33,1,3.25445079044684,49.801838960589
45,3,3.67,1,6.118376757898785,47.988045774353736
45,4,4.5,0,4.538226419479969,47.76281958646233
45,5,5.83,0,4.384221562033477,51.86519721673529
45,6,6.83,1,6.259166354872436,52.708863272375915
45,7,7.67,1,6.862992346339954,51.860505648885756
45,8,8.83,0,4.6060850824890185,54.667797512360494
45,9,9.67,0,5.6513457961447005,47.56767192175796
45,10,10.33,0,5.0625550369454935,46.78706605907884
45,12,12.83,1,4.132144558412783,47.7005556232037
45,13,13.67,1,4.774488990364239,48.13034936761284
45,14,14.5,1,5.412301592569639,50.519890058072505
46,1,1.83,1,7.112900320727086,51.68159882906002
46,2,2.67,0,3.181673461356909,40.62433366784616
46,3,3.5,0,4.512830663603482,44.36762756829497
46,4,4.83,1,4.528780075463321,48.94549902198766
46,5,5.83,1,4.355865714357868,51.8901119546449
46,6,6.33,1,4.299576366008408,49.240715969220886
46,7,7.33,0,3.7330797143724004,40.46360629202176
46,9,9.83,1,1.261760279540027,35.86333869512385
46,11,11.5,0,4.370132009374296,39.63841413009609
46,12,12.5,1,5.017136190631293,42.21941808747604
46,13,13.5,1,4.149942543997338,41.27529707062341
47,1,1.33,1,6.95597765190825,55.465839210894444
47,2,2.83,1,6.6863980616524925,58.02232363328305
47,3,3.5,1,7.7310691092018695,57.43759775008276
47,4,4.5,1,8.214051558319605,60.5216805355171
47,6,6.33,0,6.648073604758801,56.36329715334917
47,7,7.33,1,7.290220357820413,57.03383179438778
47,8,8.33,1,6.185205608944603,58.96623518688059
47,9,9.83,1,5.885785522858095,58.69077522734944
47,10,10.67,1,8.189861159760618,58.63158773303659
47,11,11.83,0,7.310759682453968,54.72460617922452
47,12,12.67,1,5.509602599323012,59.598009928848484
47,13,13.67,1,5.051305021634115,53.7210641634182
48,2,2.5,1,7.728209666023612,34.782166759229725
48,4,4.33,0,6.656222799699669,36.712029128855086
48,6,6.83,1,4.102849288135943,31.996744312180947
48,7,7.33,0,6.44931138568915,38.12039120215308
48,8,8.83,1,7.326473840061086,38.356852176817796
48,10,10.83,0,7.1050469756453385,40.82173022338737
48,11,11.33,1,5.396133453542142,33.96549837826223
48,12,12.33,1,4.002150771313872,35.66261220948492
48,13,13.67,0,5.42593834101173,37.699863373898104
48,14,14.33,0,5.272170132600808,38.77322738187453
49,1,1.83,0,4.918501168181971,53.51835574196588
49,2,2.83,1,6.097738312366818,58.18585200834505
49,3,3.83,1,5.4411749549724915,53.99123882570386
49,4,4.67,0,4.124278820129298,53.799837701426824
49,5,5.33,1,4.641370591609153,58.24987231472037
49,7,7.5,0,5.924807701804026,55.69821728150017
49,8,8.67,1,5.559467243407358,57.3587088520215
49,9,9.5,0,5.542988650541233,56.50968122087034
49,10,10.5,0,2.9448390594791034,52.70578954164482
49,12,12.67,1,4.517160573531612,53.2129584739524
49,13,13.5,0,4.88199863991668,51.296436299559815
49,14,14.83,1,6.635104258767793,58.199449730009746
50,1,1.67,0,8.911464921592053,51.13561996062193
50,3,3.67,1,6.124329148771862,54.825966992561405
50,4,4.5,0,7.6728068030004755,49.505109877834045
50,5,5.83,0,7.158534092874174,53.902158853531354
50,6,6.5,0,7.305282825357704,51.01560780700655
50,7,7.33,1,5.891064234628015,55.74255095920316
50,8,8.67,1,6.301945445343726,59.13204059363455
50,9,9.33,1,9.032346947365285,55.8985121215543
50,12,12.67,0,7.723869115959036,46.29009672537023
50,13,13.83,1,6.3760835432599725,55.49495258618808
50,14,14.83,0,5.10889387982793,53.17932310311788
51,1,1.5,1,7.139275515886905,59.74048436239667
51,2,2.67,1,8.667108514345479,56.45314247895746
51,3,3.67,1,8.48586691699338,58.28556795596263
51,5,5.33,0,6.24472063915997,56.98688291402174
51,7,7.33,1,8.73335769707433,62.47957257677888
51,8,8.5,0,7.073788655137651,62.702340495140135
51,9,9.83,1,7.482929394623765,59.75784698169162
51,10,10.5,0,6.983052860007215,58.09663097621112
51,13,13.5,1,8.025529004052082,59.79789353680541
52,1,1.5,1,3.884808286906075,46.24185899724787
52,2,2.5,1,7.297549545542019,47.97418704806429
52,3,3.33,1,7.789474852572953,52.338769663566936
52,5,5.67,1,7.766539557126214,52.90514248696603
52,6,6.33,1,4.1167836098259984,46.695233761060706
52,7,7.33,1,4.557221755296469,47.208775121494995
52,8,8.83,0,5.5448816825266425,53.77005228581754
52,9,9.33,1,6.42374273814268,49.55966059842414
52,10,10.83,0,6.05738621221127,49.87334711989412
52,11,11.5,0,5.893281772383071,49.05855570158044
52,14,14.33,1,5.308058357785214,44.690605541567386
53,1,1.83,1,10.699344084762764,75.28940166934554
53,2,2.33,0,10.869824708526934,61.7061067668061
53,3,3.67,0,7.373188801694022,50.00312772389667
53,4,4.33,1,7.7870796499527,60.720944318888286
53,8,8.67,0,7.938436622830673,52.759909097354225
53,9,9.83,1,8.827222389130915,67.89825622749464
53,11,11.33,0,6.476899246864296,49.579845566219745
53,12,12.67,1,8.581127040735389,66.80503995002942
53,13,13.83,1,8.023903015372449,65.46308471943324
54,1,1.67,1,6.234027643290089,58.35934945761275
54,3,3.83,0,7.043697348110885,53.943593346823135
54,5,5.83,0,4.803798203524192,48.18818440362374
54,6,6.33,1,6.665964020927041,56.149270556929864
54,7,7.5,0,5.722568543321724,50.50201842474829
54,8,8.5,1,5.223811865018041,57.5353948210687
54,9,9.67,0,5.503388682745263,48.72665791613445
54,10,10.83,1,4.815089719138069,52.160968997145844
54,11,11.83,1,8.04643333418735,63.711985864596414
54,13,13.67,1,7.250916596834238,62.609114613352155
54,14,14.5,1,7.093249965088249,65.98979422412933
55,1,1.67,0,6.684213198369756,46.29046944619225
55,3,3.33,1,7.230046029155846,55.44452771932121
55,4,4.67,1,7.965748332689106,57.93608497899097
55,6,6.5,1,7.427074605046067,57.6858512802732
55,7,7.33,0,4.212222927742006,41.93873108008082
55,8,8.67,0,7.217316917551282,47.6456618832867
55,9,9.5,1,6.563737680409178,52.12667558661065
55,10,10.33,1,6.252012910505946,49.84053266303826
55,11,11.67,0,6.793371412901867,52.39096055830837
55,12,12.33,0,5.50587664732255,41.47333173440637
55,13,13.67,0,10.699372520050709,55.87720193978809
55,14,14.5,0,7.068735644967502,47.83783098839849
56,1,1.67,1,7.745551158613031,57.2028890047338
56,2,2.67,1,5.9119729162270005,50.8695357106531
56,3,3.5,1,6.863638843022675,56.99612606617662
56,4,4.5,1,7.790876289117917,57.983291396656284
56,5,5.33,1,5.280273378392589,51.790972575345876
56,6,6.33,0,6.357074931297067,54.04869030645819
56,7,7.83,1,5.523484113032069,51.80729377574208
56,8,8.33,0,7.369433471026349,53.886005731018216
56,9,9.5,1,7.064590791820854,54.17087837572909
56,11,11.33,0,5.073372112844987,47.97594386311991
56,12,12.83,1,6.114159120815469,52.71214764798293
56,13,13.5,1,6.621654526738109,54.089571892985894
56,14,14.33,0,5.372700183989607,49.32743162300751
57,2,2.83,0,7.101773424166034,49.61210011263144
57,3,3.83,0,6.39582011243087,50.68849962446688
57,5,5.67,0,8.093821365160117,49.91031867355738
57,6,6.67,0,6.000786805078223,49.517668288753306
57,7,7.5,1,6.832564855719554,51.93025165938835
57,8,8.5,0,5.242243335322523,50.36930311974095
57,11,11.67,0,7.204511445933453,48.03358549572727
57,13,13.83,1,6.219992166944017,60.29763879806068
57,14,14.5,0,4.344524254841296,55.188475686474696
58,1,1.83,0,7.02714116467788,48.29154748492999
58,4,4.33,1,7.435981552175411,47.29173682938958
58,5,5.5,1,7.842800408536574,48.644351812178144
58,6,6.83,1,7.582212734361047,49.06163555783883
58,7,7.33,1,6.955407649284812,46.868696991319666
58,10,10.5,0,8.505846037307998,47.26992128848915
58,12,12.67,0,8.956707818411934,53.23857802355977
58,14,14.83,0,5.393498633429548,44.41892578780368
59,1,1.83,0,5.736759207468263,36.953520177683316
59,2,2.33,1,5.423546494962425,39.69554522774541
59,3,3.67,0,2.2487701335411927,25.224546138673897
59,4,4.5,0,5.87395818206724,34.57170465823791
59,5,5.83,0,4.779245627629549,31.057733726009698
59,6,6.83,0,5.556775273324959,33.00882475367327
59,7,7.33,1,5.128116562903248,38.34209998657009
59,8,8.5,0,5.280305678385895,36.74495782980175
59,9,9.83,1,3.392870828964133,33.57693749807831
59,10,10.67,0,3.654816081544027,32.46963858115958
59,11,11.33,1,4.094709034716134,38.07564388040283
59,12,12.83,0,4.815592243799479,33.856655490169956
59,13,13.33,0,6.0309591332487695,35.48678028462674
59,14,14.33,1,4.7149962571548585,36.91823177520102
60,1,1.33,1,7.7515575889272395,52.95232798790866
60,2,2.5,1,6.106873153108421,52.307735878686834
60,3,3.5,1,8.88745280531013,53.888663553167866
60,4,4.83,1,7.04030738451438,55.49387140134609
60,6,6.83,0,6.690545627302675,54.29916918009387
60,7,7.83,0,8.320428469176921,52.990512535160086
60,8,8.83,1,6.427848282187787,55.70551618150266
60,9,9.5,0,7.583985809420118,54.85101116899174
60,12,12.83,0,4.961752074464924,52.52543575993264
60,13,13.67,0,5.928652447767567,50.931968634049355
60,14,14.5,0,4.596334629803017,51.80491383763283
61,1,1.5,1,6.431722679769435,53.89172723198605
61,2,2.5,1,7.491291914559638,52.803982832775745
61,3,3.33,0,6.715243100641819,51.159757454818404
61,4,4.33,1,6.198805431961513,52.62889935458612
61,5,5.67,0,8.21582787045349,56.965146827642634
61,6,6.33,0,6.0957716097847,49.74177359884755
61,7,7.83,1,7.959059075826351,57.65682974717553
61,10,10.33,1,7.772078702526489,56.739737668926225
61,11,11.5,0,6.001194174281277,53.499354719748396
61,12,12.33,1,7.312178858646659,51.955951230396536
61,13,13.67,1,5.903034907744107,50.50940547162233
61,14,14.33,0,8.274104153149004,51.89133562886554
62,1,1.67,0,9.884393773828467,59.15027603550618
62,2,2.83,1,8.259391091108501,58.987753670512504
62,3,3.33,0,11.352088800816109,57.499910967101904
62,4,4.67,0,8.965457612752225,52.83013955083182
62,5,5.33,0,9.417880892213997,52.80343526315061
62,6,6.5,1,9.211472671485314,57.21881066629287
62,7,7.33,0,9.765035857516304,53.93026951919744
62,11,11.33,0,6.837323093545903,54.48528416936525
62,12,12.83,1,9.203589942650781,58.58278700444838
62,13,13.67,0,7.036738970984315,51.21583038819057
63,2,2.33,1,6.713235480619222,46.96940942519952
63,3,3.67,0,5.847389732905837,44.47207521589681
63,4,4.83,1,7.726005882771997,48.91520343011831
63,5,5.5,1,7.243728652405301,48.51126971835483
63,6,6.83,1,7.24378114437123,49.54628136032065
63,7,7.83,0,6.44676990194142,44.33062980186456
63,8,8.5,0,5.100839307462047,42.21293254058744
63,10,10.83,0,6.369297368056071,43.38263004852293
63,11,11.5,0,9.16105215827302,53.21943082932695
63,13,13.33,0,6.049669897183515,51.18247414691916
63,14,14.67,0,6.867585238934334,48.08276014123489
64,1,1.83,0,7.294698156318959,46.661374177299365
64,2,2.83,1,9.135019173297756,50.69807372364196
64,3,3.5,0,7.267547566755676,44.926027463442026
64,4,4.5,1,6.736269537553069,51.68359552675884
64,5,5.33,0,9.393932007079021,52.100748787981175
64,6,6.67,1,8.107654201872258,56.93742785628812
64,7,7.67,0,9.225803508184413,53.952440609623224
64,8,8.5,1,7.2130898088189435,50.903481177734264
64,9,9.33,1,7.898180383022706,54.36935980581181
64,10,10.67,1,9.267653437102872,53.206096978497726
64,12,12.83,1,6.32609075501877,52.70554647797871
64,14,14.33,0,7.658615875063405,48.88358724119554
65,1,1.67,1,4.126960083936409,47.52722470634095
65,2,2.83,1,7.168144445901901,53.60736327024411
65,3,3.83,0,5.7434624650489905,47.605814036427866
65,4,4.5,0,6.350603153820694,47.88437707937563
65,6,6.67,0,5.004293311322672,45.08475680172697
65,7,7.5,1,7.429864118365869,54.822531214702614
65,8,8.67,0,8.124266381685944,54.799251800019206
65,9,9.5,1,7.429320150995101,49.66906727245135
65,12,12.83,0,7.09127893546085,46.22191742285685
65,13,13.83,0,5.208989989515214,47.26908222222902
65,14,14.33,1,5.397601297033124,48.814810642349734
66,1,1.5,0,7.079225057427129,51.226456627216834
66,3,3.33,1,9.360507514857158,58.14041858172202
66,4,4.83,0,6.2714881817265935,47.91556082634133
66,5,5.5,1,9.220962491042727,54.25578597834717
66,6,6.67,1,6.089567439994754,54.32703694044938
66,7,7.33,0,6.397780504894001,51.56738772961028
66,9,9.5,1,6.84169618796854,54.884098500735625
66,10,10.33,0,7.8362365218781305,50.91065836360374
66,11,11.83,1,9.292306389632806,57.702317880920475
66,12,12.83,1,7.574238277264453,55.07571044529645
66,13,13.83,1,6.083538395634022,50.06350370896959
66,14,14.5,1,5.940855768247921,52.144896366019736
67,1,1.33,1,8.124119792550454,63.713989360688586
67,2,2.83,0,6.30700441597725,55.77753692363301
67,4,4.83,1,6.780663707850473,59.60527036116257
67,5,5.33,1,7.488674849568407,62.688935418755065
67,6,6.67,1,5.881388003703887,56.77011330260913
67,7,7.33,1,8.935643433620886,64.76212008528694
67,8,8.67,0,7.722702266580785,57.527589666373245
67,10,10.5,1,6.040573063655213,57.10412919080111
67,11,11.33,1,6.53077954609664,53.01060832421997
67,13,13.5,1,7.062527930716984,57.61094062483281
67,14,14.83,0,7.154751272933543,53.82267081892102
68,1,1.67,1,9.277444089299726,63.15741256468613
68,2,2.83,1,9.355987613596675,65.87385043312042
68,3,3.67,0,8.738916040889357,57.25573685040456
68,5,5.5,0,7.300152320982917,53.72810940764594
68,6,6.67,1,8.993957793561243,64.93853317187073
68,7,7.83,0,7.922805285140636,54.427542429774135
68,8,8.5,0,7.926079495245985,53.15676160122063
68,9,9.67,1,7.414302972335145,61.35721796243614
68,10,10.67,0,10.410550854161823,61.088095316531096
68,11,11.5,0,8.001185670982727,57.05746849698201
68,12,12.67,0,10.725124003435466,60.11640078736996
68,13,13.33,1,5.736354386271067,59.53497253348901
69,1,1.5,1,5.992437117241775,55.636652447645275
69,2,2.67,1,6.651837567862472,57.02916916952647
69,3,3.33,1,6.3477049746498855,58.158856781724744
69,4,4.33,0,5.888305975077103,52.784328278986735
69,5,5.67,0,2.762539136386139,43.23306376710651
69,6,6.67,0,5.877955702010735,50.35004176536693
69,7,7.33,0,6.703849174287292,53.03757256944809
69,8,8.5,0,6.869843055561626,50.16396215883589
69,9,9.83,0,4.811566932317849,46.74542853253084
69,10,10.83,0,5.893016890381357,46.839644149266924
69,11,11.5,1,4.575526635852395,46.384490996666656
69,12,12.67,1,5.478365054152406,51.03896276474276
69,13,13.33,1,5.201717571955212,53.09860699251599
70,1,1.5,0,7.149328982234209,57.93142953402917
70,2,2.67,1,8.370413395811362,54.79931497407795
70,4,4.83,0,8.605925652881083,56.8036018782838
70,5,5.33,1,8.150039625910404,58.12928681985289
70,6,6.67,0,7.318277342510873,56.926628386791705
70,7,7.5,0,8.252166671446902,53.7486922039144
70,8,8.83,1,7.177011389358076,59.167754690890256
70,9,9.83,0,9.775128842749716,57.70763527159183
70,10,10.67,1,7.64589485681537,55.84127409970648
70,11,11.67,1,7.033222726518373,54.80508271441581
70,12,12.83,1,6.703668625270355,58.17553700987453
70,13,13.5,0,7.836848019475433,55.369589314484344
70,14,14.83,0,8.213200306828794,57.286797645291585
71,1,1.33,1,7.3001955881361855,52.390425147819876
71,2,2.83,1,6.69748720491975,55.099270408071746
71,3,3.83,0,5.527733520096691,50.612237392288016
71,4,4.5,0,6.856682451495518,49.1678717603938
71,5,5.5,1,7.4914792458706705,51.988268789368966
71,6,6.5,1,7.2679440113896625,49.923290835330654
71,7,7.83,1,7.119437805312382,53.4175200062087
71,8,8.5,0,7.056425209173525,49.077166085387574
71,9,9.5,0,5.546122199050582,47.33318596687509
71,10,10.33,1,7.535195319968361,52.01943657789184
71,11,11.5,1,5.967892956874502,50.13366133716092
71,13,13.5,1,10.220501881253274,53.37739479601436
71,14,14.83,1,5.155221473641967,53.84702291300052
72,2,2.83,0,4.962627070446608,46.59444928164807
72,4,4.33,0,6.388360304948209,45.81935728998603
72,5,5.5,1,5.584535347047839,45.186158499061776
72,6,6.67,0,4.893950666431998,44.16636714201243
72,9,9.5,0,6.895111990057682,44.189349479919606
72,10,10.5,1,7.056432101623608,48.95804043207475
72,11,11.83,0,7.833741473967379,49.95887055358065
72,12,12.67,0,4.926876980502491,45.93345473277288
72,13,13.5,0,2.951782736468077,46.28922577576864
72,14,14.33,0,6.7375997198022075,43.78993581423158
73,1,1.33,0,7.163735593276744,56.38752871439098
73,2,2.5,1,7.8532242218052986,55.18440411570269
73,3,3.83,0,7.199618850425654,51.91884237126799
73,4,4.67,1,5.473730324101462,50.93671249995209
73,6,6.33,0,5.9638137222421665,49.655904065428125
73,7,7.33,1,7.116765599397431,58.057860328806875
73,11,11.83,1,8.16383670796433,54.41247368386082
73,12,12.83,1,7.657267476991007,53.75740491378325
73,13,13.5,0,5.812618208943395,45.34391086524016
73,14,14.67,1,6.203137785697658,49.91894754525871
74,1,1.5,0,7.9541294201760095,55.37695884994963
74,2,2.83,0,5.353085225643731,48.79973975018012
74,6,6.83,0,4.114103663822057,45.52133742115215
74,7,7.83,1,6.885163388146329,51.646205561235575
74,8,8.83,0,5.7699999257755294,45.93379986699594
74,9,9.5,1,6.5728674642302245,48.056626479305386
74,10,10.83,0,5.4075732635948794,46.61240315402539
74,11,11.83,0,6.313814650031493,50.67266415913591
74,12,12.33,0,4.764100312297461,44.20694985952939
74,14,14.67,0,5.587787458824188,47.450050410809204
75,1,1.33,0,5.135291768491739,46.657038362713884
75,2,2.33,0,7.5557548517579,50.31351511594046
75,4,4.83,1,8.180497926942952,44.6804543945374
75,5,5.5,0,4.844287783878783,44.781380286425616
75,6,6.5,1,5.880190566602882,44.5120528429184
75,7,7.83,0,4.808018065724099,43.1812154557708
75,9,9.5,0,7.957198489569275,46.83702957288388
75,11,11.33,1,6.582576937992345,45.787101214329724
75,12,12.5,0,6.205054779512298,45.71036511199868
75,13,13.67,1,7.179702332282171,41.83157010622333
76,1,1.67,0,6.7420773082537195,50.715633392113396
76,2,2.67,1,7.5668611686244365,59.53451873656402
76,3,3.5,0,7.379211251769968,54.866492930241584
76,4,4.67,1,6.8146722361831555,53.19110002807154
76,5,5.67,1,5.9949557984966395,55.41948988260482
76,6,6.33,1,7.123199457165516,61.104355929561436
76,7,7.67,1,9.291259317559502,58.11185099752318
76,8,8.5,1,9.021799970676959,59.76577605094652
76,9,9.83,0,9.076596886669824,54.87489128524417
76,10,10.67,1,9.225459510300466,58.63315032949485
76,11,11.33,1,6.020690901724443,57.16370102502324
76,12,12.5,0,6.640319040864456,51.240952241291176
76,13,13.5,1,7.026798393967037,55.930280977873615
76,14,14.5,1,8.09496291585853,57.34644468577717
77,1,1.33,1,6.584969847092232,57.57274327067221
77,2,2.83,1,7.9938871315180755,59.34501012089875
77,5,5.5,0,5.265436402072824,50.3654422692322
77,6,6.67,0,7.446355260730862,56.14788546316029
77,7,7.67,1,6.333927188705467,57.52404647000736
77,8,8.67,0,6.697701183015336,52.50859911420734
77,10,10.5,1,6.564421441465468,57.240934785834384
77,11,11.83,0,8.50678828870577,54.83844221794409
77,12,12.5,0,6.583346583741197,55.28721306429362
77,13,13.33,1,8.597623824865103,63.49468328937861
77,14,14.83,0,7.531892915312586,57.68058144197881
78,1,1.5,1,7.394994510166469,56.33663369789114
78,2,2.33,1,6.126900448213002,52.83891592770718
78,3,3.83,1,6.571169932767988,53.54431566395697
78,5,5.67,0,6.390246739916869,50.935016827336455
78,6,6.5,0,6.6052825484904565,50.7965533690923
78,7,7.67,0,6.824736162963792,54.455292741465165
78,10,10.67,1,8.157300755198738,60.94530693243554
78,11,11.5,1,5.827744131903757,53.505582818871794
78,12,12.67,0,6.142735873093743,51.093426825997234
78,13,13.5,0,5.397481672270714,47.29028207465138
78,14,14.67,0,7.29669936555951,54.98083990692379
79,2,2.5,0,8.094543373908913,52.346796581329436
79,3,3.5,0,7.104046491218716,56.70270094116082
79,4,4.33,0,7.274524934549008,53.041958802085816
79,5,5.33,0,7.150889294673377,51.503569262427035
79,6,6.83,0,7.133097222794772,52.141985304488315
79,7,7.83,0,11.318960152788128,66.66697882028853
79,8,8.67,1,5.13326964782551,47.6820387072399
79,10,10.83,1,7.99438754344232,53.59673545377121
79,11,11.5,1,8.751500540308509,53.965786188362976
79,12,12.83,0,6.83283486451082,52.55022558707015
79,13,13.33,0,8.088025642986741,53.21332565677148
79,14,14.33,1,7.331273453868135,52.04091517185473
80,1,1.67,1,10.54478124356176,66.79292855302232
80,2,2.83,1,9.234108597244099,65.60441144917827
80,3,3.33,0,10.072757010736119,60.707151950489624
80,4,4.67,1,8.399811063219207,66.20106313216978
80,5,5.33,0,9.531429806283697,58.58890689562669
80,6,6.67,0,9.034963553757088,60.68105679472906
80,7,7.83,1,10.167014375779914,67.38682276679779
80,8,8.83,0,10.096720307491335,58.26086306822709
80,9,9.83,1,7.616040838455023,63.0478613237901
80,11,11.83,0,9.988282156222201,58.35694406903416
80,12,12.67,0,9.344056067875222,56.0846842895868
80,13,13.67,1,7.928272541597201,68.42820027484449
80,14,14.33,0,9.091246732261514,59.61676323542447
81,1,1.67,0,6.734517103047812,52.05008477620452
81,2,2.33,0,8.509725903027164,60.47709058735295
81,3,3.33,1,9.782857858105872,63.382744546045586
81,4,4.33,0,8.335631451136544,56.48472212050889
81,5,5.5,1,5.929912530755121,60.781629248806496
81,6,6.83,1,6.12677969427338,62.08603442110605
81,7,7.83,0,9.981302263107931,60.43574147722075
81,8,8.83,1,8.110910499348583,60.05467274526086
81,9,9.5,0,6.7884153025889,53.754652018610145
81,10,10.67,1,8.034008294060767,58.79144320273307
81,12,12.67,0,6.360938973371871,52.43174653241189
81,13,13.5,0,6.0379448508485325,52.73192960534925
81,14,14.5,1,6.225555191541575,59.693390465553406
82,1,1.33,0,8.891444829741786,51.383970694764784
82,3,3.67,1,7.773996809743816,58.683656068062675
82,4,4.5,1,4.116407501189838,49.76791560939733
82,5,5.33,1,7.345065281901377,58.552883035204246
82,8,8.5,1,8.370326832374353,62.08117999251709
82,9,9.5,0,6.714101423170216,44.21252137138012
82,11,11.5,1,6.7804472109364715,54.748407708566496
82,12,12.83,1,5.730884301488999,55.608425923500846
82,13,13.33,0,8.66605499049598,54.4645258740599
82,14,14.83,0,8.358698793030689,48.606490246860446
83,3,3.5,1,7.362968529615521,55.06574155376117
83,8,8.5,1,8.277580659255122,60.122382450752404
83,9,9.67,1,6.782900438462001,54.06410073803698
83,10,10.5,0,8.302890930671193,59.603926471032175
83,11,11.33,1,5.583205212512189,51.507318866802436
83,13,13.67,0,8.664510960034645,59.18909100832963
84,1,1.83,0,5.639326903282505,49.59178999080876
84,2,2.5,1,6.814952735716542,56.10142447417453
84,3,3.33,0,6.919694551161448,51.78969655409378
84,4,4.33,1,7.880606777693796,59.213340463904245
84,5,5.5,1,7.573525459534171,63.25681061424025
84,6,6.83,1,8.361171735111808,66.57319911947648
84,7,7.67,1,7.669285134060099,67.48146709299178
84,8,8.83,1,6.417534005953914,60.52989287535624
84,9,9.83,0,6.629617249326611,51.43928221502039
84,11,11.5,0,6.904666412715859,50.32974691882762
84,12,12.83,0,7.432743243917601,50.011299292080515
84,13,13.67,0,6.298723724553847,45.82051222018423
84,14,14.33,0,6.451983064739704,53.14239645857145
85,1,1.33,1,6.172867610594977,55.4136722379674
85,2,2.33,0,5.312587004541077,48.791132709512276
85,3,3.33,0,9.109092652813638,55.986061719423255
85,4,4.5,0,7.904207900358609,54.76406319152559
85,5,5.33,0,6.855090658154522,52.87513989463251
85,6,6.83,0,7.825828076717182,49.53616923061449
85,7,7.5,0,8.703799405718618,57.94725004600485
85,9,9.5,1,5.780362177814805,55.44356636334205
85,11,11.67,0,8.210729841542799,59.1128594675024
85,12,12.67,0,5.698532501599948,51.203510643090596
85,13,13.83,0,7.771365515118598,56.60813457837618
85,14,14.5,1,7.520725018072137,62.391772429790954
86,1,1.67,1,6.5511897658962495,59.25113503923991
86,2,2.5,0,4.975919645319847,53.089075638152586
86,3,3.5,1,6.2086920937852,54.6472467613963
86,4,4.67,1,7.151977763844876,56.920628796588275
86,5,5.5,1,9.024736460202764,59.110253077122614
86,6,6.83,0,5.218798471426433,51.375563205790456
86,7,7.67,1,4.585910252247528,54.738710163987676
86,8,8.83,1,5.287222204941504,54.36011718370534
86,9,9.33,0,6.166645119669676,51.95977051174629
86,10,10.33,0,5.844600126522726,52.98325539275417
86,12,12.67,1,4.876565511644301,56.422279211727435
86,14,14.83,0,4.238994170110322,51.16446359581495
87,2,2.83,0,7.795317180786257,51.02484136511966
87,3,3.33,0,5.65112482458793,51.69768096424486
87,4,4.5,1,4.788296931788127,46.63529098754351
87,5,5.33,1,4.929964355766592,48.654744940292645
87,6,6.67,1,7.93933881790351,49.57470051218499
87,7,7.67,0,7.249846607994819,47.32675895478573
87,9,9.33,1,4.826331852856699,45.50368758219431
87,10,10.67,1,7.467780342813795,52.370388311354056
87,11,11.83,0,7.231176871313391,46.74241316901398
87,12,12.33,0,6.224309344488388,47.03961560577914
87,13,13.83,1,6.008272190205107,46.8630721841393
87,14,14.33,1,2.601578078055522,40.339227135319184
88,1,1.83,0,5.777584446289198,46.82622513771082
88,4,4.33,1,4.35022708851722,47.805063338691276
88,5,5.67,0,5.185224664652769,47.24155767794688
88,6,6.83,1,6.486781306158476,47.5526194318015
88,8,8.33,1,3.7171250446508273,38.73374142889507
88,9,9.83,1,5.254661361180396,40.85993413072228
88,10,10.83,1,4.655054342327671,39.79913314590221
88,11,11.83,0,4.324951690256042,42.235656622716824
88,13,13.33,1,5.1925184833274605,42.641565980630894
88,14,14.33,0,7.3708450477507625,46.76673386481682
89,1,1.5,0,6.219000257361321,50.344142752011855
89,2,2.5,0,3.6027853074422405,39.66113182896373
89,4,4.5,1,5.955755630768307,46.770694854219634
89,5,5.83,0,4.019642890578993,44.540295689741946
89,6,6.83,0,5.613910937349765,44.51654527254858
89,7,7.33,0,5.3444838428019,42.63157379329972
89,8,8.33,0,5.634807603026619,45.2479246206024
89,9,9.33,0,5.305450791591185,47.098089463935004
89,11,11.67,1,5.887611930996509,50.6193799657993
89,12,12.5,1,5.442633684075029,48.44613501598192
89,13,13.33,1,6.117167422673387,48.31906415564514
89,14,14.83,0,5.505256271735931,46.95344883600639
90,1,1.83,1,7.716396590432579,47.38850246591578
90,2,2.67,1,6.101714215275635,44.85098968488963
90,3,3.67,0,5.148927946941898,46.519134751652736
90,4,4.33,0,5.692791933234971,43.573233091060345
90,5,5.67,1,6.00857330916179,49.09872708498978
90,7,7.83,0,4.486078371506275,44.656376668444295
90,8,8.5,0,4.2535150264799,45.54631684208271
90,9,9.5,0,5.173610901563945,46.924992165004234
90,11,11.33,0,6.895726263478915,51.779825950788386
90,12,12.33,1,8.660585642735228,56.556773104798594
90,13,13.33,0,5.887895759252065,48.2142265146228
90,14,14.67,0,4.6513646159237165,47.60324014758698
91,1,1.5,1,6.618247030662919,52.944285755147455
91,2,2.67,1,7.025784877104279,60.2532378858546
91,3,3.83,1,8.820568520571925,51.50587351431561
91,5,5.83,1,6.980529656157671,54.505853812913756
91,6,6.33,0,6.545314785254537,55.091599599147514
91,7,7.83,1,6.955712848128201,56.027061742224035
91,8,8.67,1,7.379692837841285,54.221591397108405
91,9,9.83,0,11.085756353649103,53.34464504852977
91,10,10.5,0,9.292142751651488,53.477017129243436
91,11,11.83,1,8.03388709265172,53.70755279556685
91,12,12.33,1,9.315150350700693,48.89207796220119
92,1,1.83,0,5.413092133860184,45.99526470657273
92,2,2.67,1,5.347434685115331,51.49862075275063
92,3,3.67,0,8.273057337585039,51.85320303900675
92,4,4.5,0,7.315446878318971,50.158565462157256
92,5,5.83,0,8.40934919888642,53.17400546335657
92,6,6.5,0,7.026094124552072,50.70581914729706
92,7,7.83,0,4.891105594869046,48.123948621372165
92,8,8.67,0,5.964684957638514,53.35472384959421
92,9,9.5,0,9.063401589277998,48.49841077563159
92,10,10.5,0,4.99879149293314,48.427966855284275
92,11,11.5,1,6.521072656010996,55.781985381800595
92,12,12.83,1,7.16287504567309,52.78676434174622
92,14,14.5,0,6.589541835119041,50.91249084640115
93,1,1.33,1,7.736181499316312,50.57696547292007
93,2,2.67,1,8.81092741545447,54.469278217470844
93,3,3.67,1,7.5752572659004,47.747958272121224
93,4,4.83,1,7.100795032925273,52.86632936398856
93,5,5.33,1,6.6465133539227255,51.34363914632493
93,6,6.83,0,5.450915290411522,38.292743948888344
93,7,7.33,1,7.131367450550604,49.26451685560434
93,8,8.5,0,7.482393927743281,45.00633622450848
93,9,9.83,1,7.150890473450228,49.603212876363735
93,10,10.67,1,6.84876769975606,46.38362660720302
93,11,11.33,0,5.2717566611377595,33.8294038824567
93,12,12.83,1,7.12354260389737,48.03881094327761
93,13,13.83,1,10.06411675270252,58.915352758007295
94,1,1.33,1,7.62213888406002,50.652258227542646
94,3,3.67,1,5.331437182761424,50.30433625868786
94,4,4.33,0,7.364860652257592,47.45850157744194
94,5,5.33,1,7.785169503481387,52.98634826083292
94,8,8.67,1,8.426282571846919,52.087517622043606
94,10,10.67,0,5.735072830917781,45.24576876484028
94,12,12.5,1,6.4995816865148095,46.865310936308845
94,13,13.83,0,8.05224659115886,46.29358554341124
94,14,14.83,1,6.304404535045385,51.13337120110165
95,1,1.33,1,3.5379117391609096,45.220750559309266
95,2,2.5,1,5.728829832179504,48.49252589251878
95,4,4.83,1,5.996446938973918,48.24869914896732
95,5,5.33,0,4.4362424310929525,49.2760218377559
95,6,6.83,1,4.5596596155591484,44.19213612484662
95,8,8.67,0,5.782084130403045,48.81923298822489
95,9,9.83,0,5.918841782539363,47.88857609727852
95,10,10.5,1,5.894447754876895,48.093937991685536
95,11,11.83,0,4.217313139259618,47.02370305520971
95,12,12.67,1,4.5101605293965585,42.284212824198285
95,13,13.67,1,5.485337644723511,48.18626217767776
95,14,14.5,1,6.267309771722942,45.30219184568408
96,1,1.83,0,9.118005400913653,46.37241790422836
96,3,3.5,1,7.43497563960889,44.77361115952574
96,5,5.5,1,9.64962290275643,52.775585687587906
96,8,8.67,0,7.703664498179434,44.051702738458104
96,9,9.67,0,8.719034674592503,42.21860854285719
96,10,10.33,1,7.76276254481622,48.28457115929842
96,13,13.67,0,10.044982880710881,46.095248706432336
96,14,14.83,0,9.938316617670777,46.85483874938468
97,1,1.83,0,7.803282697012784,48.070716612262174
97,3,3.83,0,9.60642751627566,55.246481692524256
97,4,4.5,1,5.969192450930212,49.20695295942528
97,5,5.33,1,10.866916691007319,56.86702668892548
97,7,7.67,0,3.755841763711088,43.041413928724076
97,8,8.5,1,9.009160910743248,49.57611130531741
97,9,9.67,1,7.069122482991895,50.35290458195481
97,11,11.5,0,8.94639542602606,51.20315211107166
97,12,12.83,0,8.537109366282346,49.934051251027896
97,13,13.67,0,7.142144030774584,54.88861193917477
97,14,14.5,0,9.521140178629654,53.598566847141505
98,1,1.33,1,7.781233523674734,51.41385248185631
98,2,2.67,1,5.023578926523818,38.545416878041735
98,3,3.67,1,7.621235368511428,48.73795630693608
98,4,4.83,1,6.309444851708762,43.126048739323046
98,5,5.67,1,7.953112953690256,48.98168544983657
98,6,6.5,1,6.145557120130987,46.9862811414357
98,8,8.83,0,7.051467542474502,43.554659189759185
98,9,9.67,1,6.467374267534572,44.6663692020981
98,10,10.83,0,5.272590212356512,37.97766714420972
98,12,12.5,1,6.960426418994313,48.4769380671873
98,14,14.83,1,5.903155205437503,37.69250417149376
99,2,2.5,1,9.001031685328956,61.05979257869875
99,3,3.33,1,7.726802001261177,55.118647228502
99,5,5.5,0,5.202461726913613,49.596183429687834
99,6,6.5,1,5.22193598438182,55.861740606549496
99,7,7.33,1,6.720757455758428,55.86494403150407
99,8,8.33,0,6.513165598880074,53.81873655958265
99,9,9.5,0,6.269258241746652,51.351229826476064
99,10,10.5,1,5.954766245466988,53.131688315325434
99,11,11.5,0,7.328160049705966,55.262808305802814
99,12,12.5,0,7.572558413911041,55.896383625071486
99,13,13.5,1,5.13948695630544,51.08148632975442
100,2,2.83,0,7.577537493685131,50.89472171572813
100,3,3.67,0,8.200143223959124,51.98449069889873
100,5,5.83,1,10.106448938108494,64.8458914681522
100,7,7.67,1,8.676661787021741,58.206721641806844
100,10,10.33,0,6.986100157385045,46.46039892389556
100,11,11.83,0,7.998003483363455,51.94669292727392
100,12,12.67,1,8.493997531509047,59.32114592835049
100,13,13.5,0,7.712107279433714,57.839967235037776
