student,extraversion,female ,popular_s,popular_t,class,teacher_exp
1,5,1,6.3,6,1,24
2,7,0,4.9,5,1,24
3,4,1,5.3,6,1,24
4,3,1,4.7,5,1,24
5,5,1,6,6,1,24
6,4,0,4.7,5,1,24
7,5,0,5.9,5,1,24
8,4,0,4.2,5,1,24
9,5,0,5.2,5,1,24
10,5,0,3.9,3,1,24
11,5,1,5.7,5,1,24
12,5,1,4.8,5,1,24
13,5,0,5,5,1,24
14,5,1,5.5,6,1,24
15,5,1,6,5,1,24
16,6,1,5.7,5,1,24
17,4,0,3.2,2,1,24
18,4,0,3.1,3,1,24
19,7,1,6.6,7,1,24
20,4,0,4.8,4,1,24
21,8,1,6.4,6,2,14
22,4,0,2.4,3,2,14
23,6,0,3.7,4,2,14
24,5,1,4.4,4,2,14
25,5,1,4.3,4,2,14
26,5,0,4,4,2,14
27,4,1,3.8,5,2,14
28,5,0,4.2,5,2,14
29,6,1,5.1,4,2,14
30,4,1,4.1,4,2,14
31,6,1,4.6,5,2,14
32,4,0,4.9,3,2,14
33,4,0,3.1,4,2,14
34,3,0,3.2,3,2,14
35,6,0,4.4,5,2,14
36,5,1,3.7,4,2,14
37,5,1,6.1,6,2,14
38,3,1,3.5,5,2,14
39,4,0,2.9,3,2,14
40,5,0,3.3,3,2,14
41,5,0,4.2,4,3,13
42,5,1,6,6,3,13
43,4,1,4.6,5,3,13
44,4,1,4.9,4,3,13
45,6,0,4.7,3,3,13
46,5,1,4.8,4,3,13
47,5,0,2.8,3,3,13
48,7,1,6.7,5,3,13
49,4,1,4.9,5,3,13
50,7,1,6.3,6,3,13
51,6,1,5.6,6,3,13
52,4,1,3.1,3,3,13
53,5,1,3.5,4,3,13
54,4,1,4.7,5,3,13
55,6,0,4.3,4,3,13
56,7,0,4.9,5,3,13
57,6,1,5.9,6,3,13
58,4,0,2.6,2,3,13
59,3,1,4.1,4,4,20
60,2,1,5.3,5,4,20
61,5,1,6.1,7,4,20
62,6,1,6,6,4,20
63,6,1,6.3,7,4,20
64,3,0,4,5,4,20
65,6,0,5.3,7,4,20
66,4,0,5.6,6,4,20
67,5,0,5.2,6,4,20
68,6,1,6.2,7,4,20
69,6,0,6.1,5,4,20
70,4,0,3.9,4,4,20
71,3,0,4.8,4,4,20
72,5,0,5.8,5,4,20
73,6,0,4.9,6,4,20
74,5,1,6.6,7,4,20
75,4,1,5.6,6,4,20
76,5,0,4.5,5,4,20
77,4,0,5.4,6,4,20
78,6,0,4.9,5,4,20
79,4,0,5.4,4,4,20
80,5,1,6.7,7,4,20
81,7,0,6.3,6,4,20
82,7,0,4.2,5,5,5
83,4,1,4,4,5,5
84,5,0,4.7,5,5,5
85,4,1,4.7,5,5,5
86,6,0,5.2,4,5,5
87,7,0,5.8,5,5,5
88,6,0,4.4,6,5,5
89,4,1,3.8,5,5,5
90,6,1,5.9,5,5,5
91,8,0,7,7,5,5
92,7,1,7.3,6,5,5
93,6,1,5.6,6,5,5
94,7,0,5.6,6,5,5
95,6,1,6.3,7,5,5
96,6,0,4.2,4,5,5
97,5,1,4.6,5,5,5
98,6,1,6.1,5,5,5
99,6,0,5,5,5,5
100,6,1,5.8,5,5,5
101,5,0,5.5,6,5,5
102,6,0,5.3,5,5,5
103,4,0,4.1,4,6,8
104,6,1,5.8,6,6,8
105,5,1,4.2,4,6,8
106,5,1,3.9,4,6,8
107,4,1,5,4,6,8
108,4,1,4.4,4,6,8
109,6,0,4.3,5,6,8
110,5,0,3.3,4,6,8
111,4,1,3.1,4,6,8
112,7,1,6.4,7,6,8
113,5,0,3.5,3,6,8
114,6,1,5.9,5,6,8
115,5,1,4.2,5,6,8
116,3,0,3.5,3,6,8
117,4,1,4.6,5,6,8
118,6,0,5.1,5,6,8
119,5,0,4.2,3,6,8
120,7,0,4.9,5,6,8
121,5,0,3.6,4,6,8
122,4,0,2.7,3,6,8
123,6,1,5.8,5,7,17
124,4,1,4.8,4,7,17
125,4,0,4.4,4,7,17
126,4,0,1.7,2,7,17
127,4,0,3.6,3,7,17
128,5,1,3.8,4,7,17
129,4,0,4.1,3,7,17
130,5,1,5.7,6,7,17
131,6,0,2.9,4,7,17
132,5,1,4.9,6,7,17
133,5,0,5.1,4,7,17
134,6,0,4,3,7,17
135,4,0,3,4,7,17
136,4,1,4.7,5,7,17
137,7,0,2.8,4,7,17
138,5,0,3.7,4,7,17
139,6,1,5.1,5,7,17
140,5,0,3.5,3,7,17
141,5,1,4.7,4,7,17
142,7,1,6,6,7,17
143,5,0,4,5,7,17
144,6,1,6.1,6,8,12
145,5,0,3.2,3,8,12
146,4,1,3.3,3,8,12
147,7,1,5,5,8,12
148,6,0,4.2,5,8,12
149,7,1,5.6,5,8,12
150,6,0,3.9,3,8,12
151,5,1,4.5,4,8,12
152,6,0,2.2,3,8,12
153,5,1,4.2,4,8,12
154,4,0,1.5,2,8,12
155,5,0,3.2,3,8,12
156,5,0,2.7,3,8,12
157,5,1,4.1,4,8,12
158,7,0,4.8,4,8,12
159,5,0,3.5,3,8,12
160,5,1,3.6,4,8,12
161,7,1,5.5,5,8,12
162,6,1,4.8,5,8,12
163,5,1,3.5,2,8,12
164,6,0,5.2,5,9,9
165,5,1,6,5,9,9
166,5,1,5.1,5,9,9
167,6,1,5.3,6,9,9
168,6,1,6.7,7,9,9
169,5,0,3.6,4,9,9
170,5,0,3.5,4,9,9
171,5,0,3.9,4,9,9
172,5,0,4.3,5,9,9
173,5,0,4,4,9,9
174,3,0,4.6,4,9,9
175,4,1,4.5,4,9,9
176,4,0,3.6,4,9,9
177,5,0,2.6,3,9,9
178,4,0,3.9,5,9,9
179,6,0,5,5,9,9
180,6,1,4.5,6,9,9
181,7,1,7.3,6,9,9
182,6,1,6.7,7,9,9
183,4,0,2.9,4,9,9
184,5,0,5.4,5,10,21
185,6,1,6.3,5,10,21
186,5,0,3.4,3,10,21
187,4,1,4.9,5,10,21
188,5,0,5.1,7,10,21
189,6,1,7,6,10,21
190,5,0,5.4,4,10,21
191,5,0,4.9,4,10,21
192,6,1,6.6,6,10,21
193,5,1,5.8,6,10,21
194,6,0,4.4,6,10,21
195,6,0,4.9,5,10,21
196,7,1,6,6,10,21
197,6,0,4.8,3,10,21
198,3,0,3.6,3,10,21
199,5,0,5,6,10,21
200,3,0,5.5,5,10,21
201,6,0,5,4,10,21
202,3,1,5.2,5,10,21
203,6,1,5.4,7,10,21
204,4,1,6,6,10,21
205,6,1,5.7,6,10,21
206,4,1,6.1,5,10,21
207,5,1,5.2,5,10,21
208,4,0,4.7,5,11,11
209,5,1,5.5,5,11,11
210,5,1,4.8,5,11,11
211,6,0,4.9,5,11,11
212,5,0,4.6,3,11,11
213,6,1,4.6,5,11,11
214,5,0,3.4,3,11,11
215,7,1,5.6,7,11,11
216,4,1,5.4,5,11,11
217,5,1,5.6,5,11,11
218,6,0,3.2,5,11,11
219,6,0,5.1,6,11,11
220,6,0,4.4,4,11,11
221,6,1,4.8,6,11,11
222,4,1,4.2,4,11,11
223,5,0,4.3,3,11,11
224,5,0,4.2,3,11,11
225,6,0,4,5,11,11
226,4,0,1.6,2,11,11
227,5,1,4.9,5,11,11
228,5,1,3.8,4,11,11
229,4,0,4.1,4,11,11
230,5,0,3.7,3,12,16
231,4,1,4.8,5,12,16
232,2,1,4.2,4,12,16
233,7,1,5.7,7,12,16
234,4,1,4.6,4,12,16
235,3,0,3.8,4,12,16
236,4,0,2.8,3,12,16
237,6,0,4.7,5,12,16
238,5,1,5.6,5,12,16
239,3,1,2.8,4,12,16
240,4,0,3.8,2,12,16
241,3,0,2.4,4,12,16
242,4,1,5.3,5,12,16
243,4,0,3.5,4,12,16
244,4,0,4.5,3,12,16
245,5,0,4.5,4,12,16
246,6,0,4.5,5,12,16
247,4,1,6.5,6,13,19
248,4,1,6.4,5,13,19
249,6,0,6.2,6,13,19
250,6,0,6.1,6,13,19
251,5,1,5.6,7,13,19
252,4,1,6.3,7,13,19
253,6,0,6.2,7,13,19
254,6,1,6.2,7,13,19
255,6,0,5.7,6,13,19
256,7,0,5.9,6,13,19
257,3,1,5,5,13,19
258,4,1,6.1,7,13,19
259,4,0,4.5,5,13,19
260,6,1,7.2,7,13,19
261,6,0,6.3,7,13,19
262,4,0,4.8,5,13,19
263,7,1,8,8,13,19
264,5,1,6,6,13,19
265,5,1,7.7,7,13,19
266,4,1,6.1,7,13,19
267,7,0,3,3,14,2
268,6,0,3.3,4,14,2
269,9,0,5.3,6,14,2
270,7,0,3.2,3,14,2
271,6,0,3.6,5,14,2
272,8,0,4.5,6,14,2
273,5,0,1.4,2,14,2
274,6,0,2.3,3,14,2
275,6,0,2.8,3,14,2
276,8,0,4.5,4,14,2
277,7,0,3.9,4,14,2
278,7,0,4.5,6,14,2
279,7,0,3.1,4,14,2
280,7,0,4.5,5,14,2
281,6,0,2.3,2,14,2
282,8,0,6.5,6,14,2
283,6,0,3.1,3,14,2
284,5,0,4.2,2,15,8
285,5,0,3.4,4,15,8
286,4,0,4,2,15,8
287,4,0,3.1,1,15,8
288,7,0,6.3,6,15,8
289,6,1,4.4,5,15,8
290,6,1,5.5,5,15,8
291,8,1,7.9,8,15,8
292,5,0,2.9,4,15,8
293,8,0,6.4,6,15,8
294,5,1,5.1,6,15,8
295,7,0,4.3,4,15,8
296,6,0,4.3,5,15,8
297,5,1,5.8,6,15,8
298,6,0,4.5,5,15,8
299,5,1,4.5,4,15,8
300,6,0,6,6,15,8
301,6,1,5.6,5,15,8
302,6,0,4.7,5,15,8
303,4,1,4.5,4,15,8
304,3,0,4.3,3,15,8
305,5,0,3.2,3,15,8
306,5,0,5,5,15,8
307,4,0,2.9,3,15,8
308,5,1,4.2,4,16,11
309,6,1,5.6,5,16,11
310,5,1,4.5,5,16,11
311,7,1,6.3,6,16,11
312,5,1,5.1,5,16,11
313,5,0,2.8,2,16,11
314,6,1,6.3,6,16,11
315,8,0,3.1,4,16,11
316,5,1,5.4,5,16,11
317,6,1,4.7,5,16,11
318,8,1,6.5,6,16,11
319,6,1,4.5,4,16,11
320,7,1,6.8,5,16,11
321,5,0,2.9,4,16,11
322,4,1,5.1,4,16,11
323,6,1,4.2,4,16,11
324,6,1,5.1,5,16,11
325,4,0,3.7,4,17,16
326,3,1,5.2,5,17,16
327,6,0,6.3,5,17,16
328,5,0,3.9,5,17,16
329,3,1,5.3,5,17,16
330,5,0,3.7,5,17,16
331,6,1,5.8,6,17,16
332,4,1,4.6,5,17,16
333,5,1,5.9,6,17,16
334,5,1,5.8,6,17,16
335,6,1,6.6,7,17,16
336,4,0,3.7,3,17,16
337,6,0,5.8,5,17,16
338,6,1,6.2,6,17,16
339,6,0,4.8,5,17,16
340,6,1,7,6,17,16
341,3,1,5.4,4,17,16
342,5,1,7,6,17,16
343,4,0,3.3,3,17,16
344,7,1,6.7,6,17,16
345,5,1,5.6,6,17,16
346,4,0,3.5,4,17,16
347,4,0,3.6,3,17,16
348,4,0,5.1,5,17,16
349,5,0,3.7,4,17,16
350,4,0,5.3,4,17,16
351,7,0,6.1,6,18,21
352,5,1,7.8,8,18,21
353,4,0,4.8,5,18,21
354,5,0,6.7,6,18,21
355,5,0,5.1,6,18,21
356,4,1,6.8,7,18,21
357,5,0,7.1,6,18,21
358,3,1,6.7,7,18,21
359,5,0,5.6,7,18,21
360,4,1,5.1,7,18,21
361,5,0,4.8,5,18,21
362,6,1,6.7,6,18,21
363,5,0,6.7,7,18,21
364,4,0,6.9,7,18,21
365,5,1,7.9,7,18,21
366,5,0,6.6,8,18,21
367,6,0,6.9,6,18,21
368,5,1,5.7,6,18,21
369,4,1,4.4,6,18,21
370,3,1,5.7,5,18,21
371,5,0,6,6,18,21
372,8,1,7.1,8,19,16
373,4,0,5.4,5,19,16
374,5,0,6.2,6,19,16
375,5,1,7.1,7,19,16
376,5,0,4.4,5,19,16
377,3,0,3.2,4,19,16
378,5,0,5.6,5,19,16
379,4,1,6.2,6,19,16
380,5,0,4.5,4,19,16
381,4,1,5.9,6,19,16
382,6,1,5.9,7,19,16
383,4,0,3.7,4,19,16
384,6,1,7.1,6,19,16
385,5,1,5.6,7,19,16
386,3,0,5,5,19,16
387,5,1,5.9,6,19,16
388,4,1,4.8,5,19,16
389,5,0,5.7,5,19,16
390,3,1,6.8,6,19,16
391,4,0,4,4,19,16
392,5,1,6,5,20,10
393,7,1,6.5,6,20,10
394,5,1,5.9,6,20,10
395,4,1,5.1,5,20,10
396,5,1,5.8,5,20,10
397,6,1,6.9,6,20,10
398,8,1,7.2,8,20,10
399,5,0,3.3,5,20,10
400,5,1,6.6,7,20,10
401,4,0,2.7,3,20,10
402,4,0,3.1,3,20,10
403,6,1,5.7,6,20,10
404,7,0,5.6,5,20,10
405,4,1,6.3,5,20,10
406,6,1,5.9,6,20,10
407,5,0,2.9,4,20,10
408,6,1,6.3,5,20,10
409,5,1,5.7,6,20,10
410,6,1,6.3,6,20,10
411,5,0,4.2,5,20,10
412,5,1,5.4,5,21,17
413,5,1,5.7,6,21,17
414,5,1,4.2,5,21,17
415,4,1,3.5,5,21,17
416,7,0,4.6,4,21,17
417,5,0,4.1,4,21,17
418,5,0,4.2,5,21,17
419,4,1,4.6,5,21,17
420,6,0,4,5,21,17
421,3,0,4.5,4,21,17
422,6,1,4.9,6,21,17
423,6,0,5.3,6,21,17
424,4,0,3.7,4,21,17
425,4,0,3.8,4,21,17
426,5,1,5.8,7,21,17
427,4,0,3.7,2,21,17
428,5,0,5.4,5,21,17
429,4,1,6.7,6,21,17
430,3,1,4.7,4,21,17
431,6,1,6,6,21,17
432,4,1,6.3,6,21,17
433,5,1,5,5,21,17
434,6,1,5.1,6,21,17
435,3,1,5.7,6,22,11
436,2,1,5.8,4,22,11
437,6,1,7.6,6,22,11
438,6,1,7.8,7,22,11
439,5,0,5.4,6,22,11
440,4,0,5.7,5,22,11
441,4,0,6.3,5,22,11
442,6,1,6.7,7,22,11
443,4,1,7,7,22,11
444,5,0,5.6,5,22,11
445,5,0,5.5,4,22,11
446,6,0,5.4,5,22,11
447,6,1,6.7,7,22,11
448,7,1,7.3,8,22,11
449,5,0,6.1,6,22,11
450,5,1,6.5,7,22,11
451,4,0,5.8,6,22,11
452,6,1,7.1,8,22,11
453,5,1,5.9,6,22,11
454,7,1,7,8,22,11
455,6,0,5,4,23,15
456,6,1,4.8,6,23,15
457,4,1,5.9,7,23,15
458,5,0,4.5,5,23,15
459,5,1,6.3,7,23,15
460,7,1,6,5,23,15
461,5,1,6.4,5,23,15
462,4,0,3.3,5,23,15
463,6,0,4.6,4,23,15
464,5,0,5.6,6,23,15
465,5,0,4.5,5,23,15
466,6,1,6.4,6,23,15
467,4,0,3.8,4,23,15
468,6,1,6.6,6,23,15
469,5,1,6.5,6,23,15
470,6,0,5.6,6,23,15
471,5,1,5.7,6,23,15
472,5,0,4.2,4,23,15
473,7,1,6.7,6,23,15
474,3,0,3.2,4,23,15
475,7,0,5.4,6,23,15
476,3,0,4.7,4,23,15
477,5,0,3.4,3,24,6
478,4,0,2.7,2,24,6
479,5,1,3.8,4,24,6
480,5,1,3.7,5,24,6
481,7,1,7.3,6,24,6
482,7,1,6.6,7,24,6
483,7,0,3,4,24,6
484,6,1,5.2,5,24,6
485,5,0,4.7,4,24,6
486,6,1,6.2,5,24,6
487,7,0,4.5,5,24,6
488,6,0,3.3,3,24,6
489,6,0,3.9,3,24,6
490,5,0,3.4,3,24,6
491,5,0,4.1,5,24,6
492,7,1,5.3,6,24,6
493,5,1,5.6,4,24,6
494,5,1,5.3,6,24,6
495,6,0,4.5,4,24,6
496,4,0,5.1,5,25,19
497,5,1,5.6,6,25,19
498,5,1,5.6,5,25,19
499,4,1,5.9,6,25,19
500,7,1,6.5,6,25,19
501,6,0,3.7,4,25,19
502,5,0,3.9,4,25,19
503,6,1,5.7,5,25,19
504,4,1,5.7,4,25,19
505,5,0,5.1,4,25,19
506,6,1,5.7,6,25,19
507,6,0,4.6,5,25,19
508,5,1,7,6,25,19
509,4,1,4.7,5,25,19
510,5,1,3.3,4,25,19
511,4,0,4,4,25,19
512,5,0,2.9,4,25,19
513,5,0,3.8,4,25,19
514,5,0,3.7,3,25,19
515,5,0,4.3,4,25,19
516,5,1,4.1,5,26,10
517,4,1,3.7,4,26,10
518,6,0,4.1,5,26,10
519,4,1,4.1,4,26,10
520,4,0,2.8,3,26,10
521,4,1,3.2,4,26,10
522,6,1,6,6,26,10
523,5,0,3.2,3,26,10
524,4,0,3.4,2,26,10
525,4,0,3.2,3,26,10
526,6,1,4.9,5,26,10
527,5,0,3.5,4,26,10
528,4,1,3.9,4,26,10
529,6,0,3.8,5,26,10
530,4,0,2.9,4,26,10
531,3,1,3.6,2,26,10
532,7,1,6.1,6,26,10
533,4,1,5.5,6,26,10
534,7,0,6.2,6,26,10
535,5,0,2.6,4,26,10
536,4,1,4.5,5,26,10
537,4,0,2.5,3,27,10
538,6,0,6,4,27,10
539,6,0,3.6,4,27,10
540,5,0,4.8,5,27,10
541,4,0,2.9,4,27,10
542,7,0,6.2,6,27,10
543,5,0,4,4,27,10
544,7,0,4.9,5,27,10
545,5,1,5.4,6,27,10
546,5,0,4.2,4,27,10
547,5,1,4.8,5,27,10
548,6,1,6.4,6,27,10
549,5,0,3.2,4,27,10
550,5,1,5.2,5,27,10
551,4,1,3.4,4,27,10
552,5,1,4.8,5,27,10
553,5,0,4.2,4,27,10
554,4,0,3.2,4,27,10
555,6,0,4.7,5,27,10
556,6,0,4.6,4,27,10
557,5,0,4.9,4,28,13
558,3,1,4.3,4,28,13
559,3,0,3.8,3,28,13
560,5,0,4.1,4,28,13
561,6,1,5.5,7,28,13
562,6,1,5,4,28,13
563,6,0,3.6,4,28,13
564,5,1,5.4,6,28,13
565,6,1,6,5,28,13
566,5,1,4.8,5,28,13
567,6,0,4.1,6,28,13
568,5,0,4.2,4,28,13
569,6,1,5.6,5,28,13
570,7,0,4.4,5,28,13
571,5,1,4.8,6,28,13
572,6,0,3.3,3,28,13
573,5,1,4.9,6,28,13
574,4,0,3.4,3,28,13
575,3,1,3.7,3,28,13
576,4,1,4.4,4,28,13
577,4,1,5.9,7,29,22
578,4,0,3.8,6,29,22
579,5,0,5.2,5,29,22
580,7,0,6.1,6,29,22
581,4,1,5.5,5,29,22
582,4,1,7.2,6,29,22
583,6,0,6.2,6,29,22
584,5,1,7.1,6,29,22
585,4,1,6,6,29,22
586,5,1,6,5,29,22
587,3,0,5.2,5,29,22
588,3,0,6.6,4,29,22
589,5,1,5.7,6,29,22
590,5,1,6.9,7,29,22
591,5,1,6.6,6,29,22
592,3,1,5.7,6,29,22
593,2,0,4.7,5,29,22
594,6,0,3.3,4,30,6
595,5,0,2.6,4,30,6
596,5,1,5.3,3,30,6
597,7,0,4,3,30,6
598,5,1,4.7,4,30,6
599,6,0,5.2,5,30,6
600,6,0,3.5,4,30,6
601,8,1,6.5,6,30,6
602,5,0,3.9,4,30,6
603,5,1,4.9,4,30,6
604,6,0,3.6,4,30,6
605,5,1,4.3,4,30,6
606,4,1,3.5,4,30,6
607,5,0,4,4,30,6
608,8,1,7.1,7,30,6
609,6,1,6.1,6,30,6
610,8,1,4.6,5,30,6
611,6,0,4.9,5,31,6
612,6,1,5.7,7,31,6
613,6,1,5.2,5,31,6
614,6,1,7.3,6,31,6
615,5,0,3.5,4,31,6
616,5,1,4,5,31,6
617,6,1,5.8,6,31,6
618,5,1,5.8,6,31,6
619,5,0,4.4,4,31,6
620,6,0,4.6,5,31,6
621,5,0,4.2,3,31,6
622,3,0,1.5,1,31,6
623,4,0,2.9,2,31,6
624,4,0,3.2,4,31,6
625,4,0,1.8,1,31,6
626,6,1,5.5,5,31,6
627,3,0,0.4,1,31,6
628,6,0,5.4,4,31,6
629,5,1,5.1,4,31,6
630,5,1,6.2,6,32,12
631,6,0,5.9,6,32,12
632,6,1,4.9,5,32,12
633,6,1,6,7,32,12
634,6,0,4.9,5,32,12
635,4,0,3.9,5,32,12
636,4,0,4.5,4,32,12
637,5,1,4.6,5,32,12
638,3,0,2.4,3,32,12
639,4,1,4.7,4,32,12
640,6,1,5,6,32,12
641,6,0,5.8,5,32,12
642,5,1,6.1,6,32,12
643,4,0,4.6,4,32,12
644,5,1,5.2,5,32,12
645,5,0,4.8,4,32,12
646,5,0,4,4,32,12
647,5,0,3.1,2,32,12
648,6,0,4.8,5,32,12
649,6,1,7.3,8,32,12
650,4,0,3.3,3,32,12
651,5,1,4.2,4,32,12
652,6,1,6.9,7,32,12
653,7,1,7.2,7,33,3
654,7,1,8.7,8,33,3
655,7,1,5.4,5,33,3
656,8,1,9.2,8,33,3
657,6,1,7,7,33,3
658,7,1,6.4,7,33,3
659,8,1,9.5,9,33,3
660,7,1,8.1,7,33,3
661,8,1,6,7,33,3
662,8,1,7,8,33,3
663,9,1,8.1,10,33,3
664,6,1,7.4,7,33,3
665,7,1,8.4,8,33,3
666,6,1,4.7,6,33,3
667,7,1,7.4,7,33,3
668,7,1,5.7,5,33,3
669,7,1,8,8,33,3
670,9,1,8.8,8,33,3
671,6,1,6.2,7,33,3
672,6,0,5.8,4,34,8
673,5,0,3.8,3,34,8
674,8,1,8.5,8,34,8
675,7,0,4.6,5,34,8
676,6,0,3.9,5,34,8
677,5,0,3.9,4,34,8
678,6,0,4.7,4,34,8
679,7,0,5.6,6,34,8
680,4,1,3.3,4,34,8
681,6,0,5.7,5,34,8
682,6,0,4.1,5,34,8
683,4,1,4.3,4,34,8
684,5,0,5.4,5,34,8
685,5,0,4.8,5,34,8
686,3,1,3.2,4,34,8
687,6,0,4.2,4,34,8
688,5,0,3.9,5,34,8
689,7,1,6.1,6,34,8
690,6,0,4.5,5,34,8
691,5,0,3.8,3,34,8
692,6,1,6.8,6,34,8
693,5,1,5,5,34,8
694,4,1,6,7,35,25
695,5,1,7.5,7,35,25
696,6,1,7.9,9,35,25
697,4,1,7.8,7,35,25
698,4,1,7.9,7,35,25
699,5,1,7,8,35,25
700,6,1,5.5,8,35,25
701,4,1,7,7,35,25
702,4,1,6.2,7,35,25
703,7,1,7,7,35,25
704,4,1,6.6,6,35,25
705,6,1,6.8,7,35,25
706,3,1,6.8,6,35,25
707,6,1,6.8,9,35,25
708,4,1,7.4,8,35,25
709,5,1,7.5,8,35,25
710,6,1,7.1,8,35,25
711,4,1,6.7,5,35,25
712,5,1,7.3,6,35,25
713,3,1,6.7,7,35,25
714,6,1,6.3,6,36,15
715,4,0,3.9,5,36,15
716,5,0,4,4,36,15
717,4,0,3.2,4,36,15
718,6,0,4.2,5,36,15
719,3,1,5,5,36,15
720,3,1,5.3,4,36,15
721,4,1,5.3,6,36,15
722,6,0,5.7,5,36,15
723,4,1,5.2,6,36,15
724,3,0,5,5,36,15
725,5,0,3.9,5,36,15
726,3,1,5.4,4,36,15
727,4,1,7.4,7,36,15
728,7,0,4.3,5,36,15
729,6,1,6.7,7,36,15
730,5,0,4.4,5,36,15
731,4,0,5.3,4,36,15
732,4,0,5.3,4,36,15
733,5,0,4.6,4,37,20
734,5,1,6.9,5,37,20
735,6,1,6.4,8,37,20
736,6,1,6.7,7,37,20
737,5,0,4.1,4,37,20
738,6,0,4.6,6,37,20
739,7,0,5.3,7,37,20
740,5,1,7.1,7,37,20
741,6,0,6,5,37,20
742,6,0,4,2,37,20
743,4,1,4.9,6,37,20
744,4,0,4.1,4,37,20
745,4,0,4.4,5,37,20
746,5,0,4.8,5,37,20
747,5,0,4.5,5,37,20
748,4,0,3.6,4,37,20
749,6,0,5.7,5,37,20
750,7,1,6.8,7,37,20
751,6,1,7.3,7,37,20
752,5,0,3.5,4,38,18
753,5,0,3.5,4,38,18
754,5,0,4.9,5,38,18
755,5,1,4.8,6,38,18
756,5,1,5.8,6,38,18
757,5,1,5.9,5,38,18
758,4,1,5,4,38,18
759,6,0,4.3,4,38,18
760,4,1,4.6,5,38,18
761,4,0,3.6,3,38,18
762,4,0,3,2,38,18
763,6,0,4.5,5,38,18
764,4,0,3.9,4,38,18
765,5,0,4.2,5,38,18
766,5,1,6,6,38,18
767,6,1,6.5,7,38,18
768,5,0,3.4,4,38,18
769,4,1,5.4,5,39,19
770,4,1,5.6,5,39,19
771,4,0,3.6,4,39,19
772,6,0,4.7,4,39,19
773,4,1,5.7,6,39,19
774,4,1,4.8,5,39,19
775,7,1,6.4,7,39,19
776,5,1,4.9,6,39,19
777,5,1,5.3,7,39,19
778,5,1,5.5,5,39,19
779,6,0,3.9,4,39,19
780,5,0,5.1,5,39,19
781,4,0,4.8,4,39,19
782,3,1,4.6,4,39,19
783,4,0,5.2,5,39,19
784,6,1,6,7,39,19
785,8,1,6.4,8,40,2
786,8,1,5.1,4,40,2
787,9,1,7.7,7,40,2
788,9,1,7.4,6,40,2
789,8,1,6.8,7,40,2
790,10,1,6.8,8,40,2
791,9,1,8.2,8,40,2
792,10,1,7.6,7,40,2
793,9,1,7.5,8,40,2
794,8,1,6.5,6,40,2
795,7,1,4.3,4,40,2
796,10,1,7.7,7,40,2
797,8,1,7.5,7,40,2
798,9,1,6.5,7,40,2
799,10,1,8.6,7,40,2
800,9,1,5.4,4,40,2
801,8,1,4.5,5,40,2
802,6,1,3.8,4,40,2
803,8,1,6.9,6,40,2
804,8,1,6.6,5,40,2
805,6,1,5,4,41,18
806,3,0,3.4,3,41,18
807,5,0,2.5,1,41,18
808,5,1,5,6,41,18
809,6,0,3.8,3,41,18
810,5,0,3.4,3,41,18
811,5,0,3,4,41,18
812,5,1,4.4,4,41,18
813,5,1,3.6,4,41,18
814,4,1,4.2,4,41,18
815,6,1,5.3,5,41,18
816,5,0,2.9,2,41,18
817,5,0,2.8,3,41,18
818,6,0,3.7,4,41,18
819,5,1,4.2,4,41,18
820,4,1,3.2,3,41,18
821,3,1,3.6,3,41,18
822,5,1,4.1,4,41,18
823,4,0,3.2,2,41,18
824,3,1,5.3,6,42,12
825,7,0,6.6,8,42,12
826,5,0,4.1,5,42,12
827,5,1,5.5,4,42,12
828,5,0,4.8,5,42,12
829,4,1,4.5,5,42,12
830,3,0,3.9,5,42,12
831,5,1,5.9,5,42,12
832,5,1,5,5,42,12
833,7,1,7.1,7,42,12
834,7,0,5.2,5,42,12
835,5,1,7,7,42,12
836,6,1,7.3,6,42,12
837,3,1,4.1,5,42,12
838,6,0,5.5,5,42,12
839,6,0,4.9,4,42,12
840,6,1,7.2,6,42,12
841,5,0,4.1,5,42,12
842,5,1,4.4,5,42,12
843,4,1,5.3,5,42,12
844,4,1,3.6,4,42,12
845,7,0,6.7,7,43,12
846,5,1,4.2,4,43,12
847,5,0,5.6,5,43,12
848,4,1,4.7,5,43,12
849,6,1,5.6,6,43,12
850,4,1,6.2,6,43,12
851,6,0,4.7,6,43,12
852,5,0,5.4,4,43,12
853,5,1,6.7,6,43,12
854,5,0,4.8,5,43,12
855,5,0,5.5,6,43,12
856,4,0,5.6,5,43,12
857,6,0,4.3,4,43,12
858,5,0,5.2,5,43,12
859,7,0,5.9,5,43,12
860,4,0,4.5,4,43,12
861,6,0,5.7,5,43,12
862,5,0,4.2,4,44,14
863,6,1,6.7,6,44,14
864,6,1,6,5,44,14
865,6,1,6,5,44,14
866,5,0,4,4,44,14
867,5,0,5.1,5,44,14
868,4,1,4.9,4,44,14
869,5,0,3.9,4,44,14
870,6,0,4.5,5,44,14
871,4,0,3.3,3,44,14
872,6,0,4.3,5,44,14
873,8,1,6.4,5,44,14
874,5,1,5.2,4,44,14
875,7,1,6.2,6,44,14
876,7,1,5.7,6,44,14
877,5,0,3.6,4,44,14
878,6,0,5.1,6,44,14
879,5,1,5.1,4,44,14
880,5,0,3.7,3,44,14
881,6,0,4.3,5,45,20
882,6,1,7.9,7,45,20
883,5,1,4.8,5,45,20
884,7,1,7.7,7,45,20
885,6,0,6.3,6,45,20
886,4,0,4.9,5,45,20
887,5,0,5.2,4,45,20
888,3,1,7.9,7,45,20
889,6,0,6.2,6,45,20
890,6,1,6,7,45,20
891,5,0,4.8,6,45,20
892,5,0,6.2,6,45,20
893,4,0,5.6,5,45,20
894,6,0,5.1,5,45,20
895,4,0,4.5,5,45,20
896,5,0,5.5,5,45,20
897,6,1,7.1,6,45,20
898,5,0,4.8,6,45,20
899,5,0,4.9,5,45,20
900,4,1,5.5,5,46,18
901,4,1,5.5,6,46,18
902,6,1,6.1,7,46,18
903,4,0,4,3,46,18
904,4,0,3.5,5,46,18
905,4,0,3.4,3,46,18
906,6,1,6.2,6,46,18
907,4,1,5.1,5,46,18
908,4,0,3.5,4,46,18
909,6,1,6.3,5,46,18
910,5,1,6.1,6,46,18
911,6,1,5.7,6,46,18
912,6,1,3.9,5,46,18
913,5,1,5.6,6,46,18
914,4,0,3.6,4,46,18
915,5,0,5.2,5,46,18
916,8,1,8.4,7,46,18
917,3,0,3.1,4,46,18
918,2,1,5.1,5,46,18
919,6,1,6.5,6,46,18
920,3,1,4.5,5,46,18
921,4,1,5.3,5,46,18
922,4,0,3.7,4,46,18
923,4,1,5.3,5,47,13
924,8,0,5.5,5,47,13
925,5,1,5.8,4,47,13
926,5,0,3.7,4,47,13
927,6,0,5.4,5,47,13
928,4,1,4.9,4,47,13
929,5,0,4.1,4,47,13
930,6,1,5.5,6,47,13
931,6,1,6.1,6,47,13
932,4,1,3.9,5,47,13
933,5,0,5.2,6,47,13
934,5,1,4.4,4,47,13
935,5,0,4.3,5,47,13
936,5,0,3,4,47,13
937,4,1,5.9,6,47,13
938,4,1,4.4,4,47,13
939,7,0,5.5,6,47,13
940,6,1,5.8,6,48,6
941,4,0,1.8,3,48,6
942,7,0,5.5,5,48,6
943,5,0,2.1,3,48,6
944,6,0,3.6,4,48,6
945,6,0,1.9,2,48,6
946,4,1,4.4,5,48,6
947,8,1,5.1,7,48,6
948,4,0,2.5,2,48,6
949,5,1,2.6,3,48,6
950,5,0,3.6,4,48,6
951,5,0,3.4,3,48,6
952,6,1,6.1,6,48,6
953,8,1,7.4,6,48,6
954,7,0,5.2,4,48,6
955,6,1,4.5,5,48,6
956,6,1,5.3,5,48,6
957,5,0,4,4,48,6
958,5,0,4.2,3,48,6
959,4,1,5.4,5,49,7
960,6,1,5.7,6,49,7
961,4,0,3.2,3,49,7
962,7,1,6.3,7,49,7
963,5,1,4.2,4,49,7
964,5,0,4.4,3,49,7
965,5,1,5,4,49,7
966,6,0,4.3,4,49,7
967,5,0,4.2,4,49,7
968,5,1,4.7,5,49,7
969,5,1,4.1,5,49,7
970,6,1,5.4,6,49,7
971,6,1,5.2,6,49,7
972,5,0,4.8,3,49,7
973,6,1,4.9,4,49,7
974,5,0,4.5,5,49,7
975,6,0,3.5,3,49,7
976,8,1,6.9,7,49,7
977,4,0,5.3,4,49,7
978,5,0,3.4,4,49,7
979,4,0,5.2,6,50,25
980,6,1,6.7,7,50,25
981,5,1,6.8,7,50,25
982,5,0,5.6,5,50,25
983,6,0,5.6,6,50,25
984,2,1,6.5,6,50,25
985,5,0,5.1,5,50,25
986,5,0,7,6,50,25
987,7,0,6.4,6,50,25
988,5,0,6.4,6,50,25
989,6,1,7.4,7,50,25
990,5,0,5.8,6,50,25
991,4,1,6.7,6,50,25
992,5,0,5.3,6,50,25
993,5,0,5.4,7,50,25
994,5,1,7.2,6,50,25
995,5,0,5,5,50,25
996,6,1,6.3,6,50,25
997,5,1,7.6,6,50,25
998,4,1,5.9,7,50,25
999,5,0,4.2,5,51,16
1000,4,1,4.9,4,51,16
1001,5,0,3.1,3,51,16
1002,6,1,5.1,6,51,16
1003,5,1,5,4,51,16
1004,4,1,5.5,6,51,16
1005,5,1,3.7,5,51,16
1006,5,0,3.2,2,51,16
1007,5,1,5,6,51,16
1008,5,1,4.8,4,51,16
1009,5,0,2.4,3,51,16
1010,6,0,4.1,4,51,16
1011,3,0,2.4,4,51,16
1012,5,1,5.9,5,51,16
1013,5,1,4.3,5,51,16
1014,6,0,4,4,51,16
1015,5,1,5.3,6,51,16
1016,5,1,4.3,4,51,16
1017,5,0,4,3,51,16
1018,3,0,3.9,3,51,16
1019,5,1,6.3,6,51,16
1020,6,1,5.8,6,51,16
1021,5,0,3.9,4,51,16
1022,6,1,6,6,52,7
1023,3,0,4.4,4,52,7
1024,6,1,5.6,5,52,7
1025,5,1,6.1,6,52,7
1026,4,1,5,5,52,7
1027,4,0,2.9,2,52,7
1028,6,0,3.4,5,52,7
1029,6,0,3.2,3,52,7
1030,5,1,4.7,6,52,7
1031,5,1,5.1,5,52,7
1032,6,1,5.4,6,52,7
1033,5,0,4.2,4,52,7
1034,2,0,1.9,2,52,7
1035,5,0,4.4,4,52,7
1036,5,0,4.5,5,52,7
1037,5,0,3.6,4,52,7
1038,7,1,5.4,7,52,7
1039,5,0,3.9,2,52,7
1040,5,1,3.4,4,52,7
1041,6,0,4.5,4,52,7
1042,6,1,6,7,52,7
1043,6,1,3.6,5,52,7
1044,6,0,4.2,4,52,7
1045,3,1,6.8,7,53,21
1046,5,1,7.2,8,53,21
1047,4,1,6.2,6,53,21
1048,5,1,7.5,8,53,21
1049,4,1,7.1,7,53,21
1050,5,1,6.7,6,53,21
1051,7,1,7,8,53,21
1052,5,1,6.5,7,53,21
1053,6,1,8.4,7,53,21
1054,4,1,6.2,6,53,21
1055,1,1,5.3,5,53,21
1056,4,1,5.3,5,53,21
1057,4,1,5.5,6,53,21
1058,5,1,7.4,8,53,21
1059,5,1,6.9,7,53,21
1060,6,1,7.5,7,53,21
1061,6,1,6.8,7,53,21
1062,5,1,5.1,6,53,21
1063,4,1,6.6,7,53,21
1064,4,1,6,6,54,16
1065,6,0,4.7,4,54,16
1066,5,0,5.6,5,54,16
1067,5,0,3.6,3,54,16
1068,6,0,3.4,4,54,16
1069,4,0,4.7,4,54,16
1070,5,1,6.6,6,54,16
1071,5,0,4.6,5,54,16
1072,7,0,4.5,5,54,16
1073,4,0,5.5,4,54,16
1074,5,1,5.3,5,54,16
1075,6,0,5.4,6,54,16
1076,5,0,4.8,5,54,16
1077,5,1,5.6,5,54,16
1078,6,1,6,7,54,16
1079,6,1,6.8,7,54,16
1080,4,0,3.8,4,54,16
1081,6,1,6.7,7,54,16
1082,4,1,5.8,5,54,16
1083,5,0,2.7,3,55,7
1084,6,0,5,4,55,7
1085,6,0,4.4,4,55,7
1086,5,0,2.2,2,55,7
1087,5,0,4.5,5,55,7
1088,3,0,2.4,3,55,7
1089,6,0,2.7,3,55,7
1090,6,0,3.8,5,55,7
1091,5,0,4.5,5,55,7
1092,7,0,4.5,3,55,7
1093,7,0,4.1,4,55,7
1094,6,0,3.4,4,55,7
1095,5,0,2.4,3,55,7
1096,5,0,4.1,4,55,7
1097,6,0,5,5,55,7
1098,6,0,3.8,4,55,7
1099,4,0,3.9,3,55,7
1100,7,0,3.4,3,55,7
1101,6,0,4.4,4,55,7
1102,5,0,2.3,3,55,7
1103,4,0,2,2,55,7
1104,5,0,4.9,5,56,12
1105,4,0,2.4,5,56,12
1106,6,1,4.4,5,56,12
1107,4,0,3.4,4,56,12
1108,6,0,3.9,3,56,12
1109,5,1,4.4,5,56,12
1110,5,1,6.1,6,56,12
1111,3,0,3.9,3,56,12
1112,6,0,6.3,6,56,12
1113,4,1,4.9,4,56,12
1114,6,1,5.9,8,56,12
1115,5,1,6,8,56,12
1116,5,1,6.5,5,56,12
1117,5,0,4,3,56,12
1118,4,0,4,4,56,12
1119,4,1,5.7,5,56,12
1120,6,0,3.6,4,56,12
1121,5,0,3.9,5,56,12
1122,5,1,6,6,56,12
1123,6,1,4.8,3,57,4
1124,8,1,6.7,6,57,4
1125,6,0,2.8,3,57,4
1126,7,0,4.9,5,57,4
1127,7,1,5.4,5,57,4
1128,6,1,3.9,5,57,4
1129,5,0,2.1,2,57,4
1130,5,1,3.1,3,57,4
1131,5,1,3.5,2,57,4
1132,6,0,2.1,3,57,4
1133,5,1,5,4,57,4
1134,7,1,4.8,6,57,4
1135,4,0,2.2,2,57,4
1136,7,1,5.1,7,57,4
1137,2,0,1.2,2,57,4
1138,7,1,4.9,5,57,4
1139,8,0,4.8,5,57,4
1140,5,1,3,3,57,4
1141,4,0,5.7,6,58,22
1142,6,1,6.5,7,58,22
1143,5,1,6.4,5,58,22
1144,6,1,8.1,8,58,22
1145,6,0,5.1,6,58,22
1146,3,0,4.1,4,58,22
1147,6,1,6.3,6,58,22
1148,3,0,5.2,5,58,22
1149,4,1,7,7,58,22
1150,5,0,5.6,6,58,22
1151,6,1,6.5,7,58,22
1152,2,0,4,5,58,22
1153,6,1,7,7,58,22
1154,4,0,4.5,4,58,22
1155,5,1,6.7,7,58,22
1156,5,1,7.5,7,58,22
1157,4,1,7,7,58,22
1158,5,1,7,7,58,22
1159,5,0,5.7,6,58,22
1160,3,0,4.6,4,58,22
1161,6,0,2.9,4,59,5
1162,5,1,4.8,5,59,5
1163,6,1,5.8,6,59,5
1164,5,0,3.1,3,59,5
1165,5,0,4.3,4,59,5
1166,6,0,4.1,3,59,5
1167,5,0,2.8,3,59,5
1168,6,1,5,6,59,5
1169,5,1,5.1,4,59,5
1170,7,0,4.7,6,59,5
1171,6,0,3.4,4,59,5
1172,4,0,1.8,3,59,5
1173,4,1,4.1,4,59,5
1174,6,1,6.1,7,59,5
1175,6,1,4.6,5,59,5
1176,5,0,3.9,4,59,5
1177,6,0,4.8,4,59,5
1178,5,0,2.8,3,60,3
1179,8,1,6.4,7,60,3
1180,9,0,5.6,6,60,3
1181,7,1,5.7,6,60,3
1182,6,1,5.5,5,60,3
1183,7,0,4,3,60,3
1184,8,1,5.3,6,60,3
1185,5,1,3.7,5,60,3
1186,6,0,4.5,3,60,3
1187,7,0,3,3,60,3
1188,8,1,6,5,60,3
1189,7,0,3.6,4,60,3
1190,6,1,5.7,5,60,3
1191,7,1,5.1,6,60,3
1192,7,1,6.1,6,60,3
1193,7,1,5.9,5,60,3
1194,7,0,4.2,5,60,3
1195,4,0,1.6,2,60,3
1196,5,0,2.7,2,60,3
1197,6,1,3.3,6,60,3
1198,4,0,1.4,2,60,3
1199,3,1,6.2,6,61,23
1200,6,0,5.9,5,61,23
1201,4,1,5.6,7,61,23
1202,3,1,4.8,5,61,23
1203,4,1,5.5,5,61,23
1204,5,0,5.5,5,61,23
1205,4,1,4.4,6,61,23
1206,6,1,7.1,7,61,23
1207,4,0,4.3,5,61,23
1208,4,1,6.3,7,61,23
1209,5,1,8.2,7,61,23
1210,3,0,4.4,5,61,23
1211,6,1,7.5,7,61,23
1212,5,1,5.3,7,61,23
1213,4,0,5.9,5,61,23
1214,5,0,6.4,6,61,23
1215,4,1,5.7,5,61,23
1216,4,0,5.1,6,61,23
1217,5,0,5.7,6,61,23
1218,5,1,6.6,7,62,25
1219,5,0,5,5,62,25
1220,5,0,4.9,4,62,25
1221,6,0,5.4,4,62,25
1222,3,0,4.9,4,62,25
1223,4,1,5.8,5,62,25
1224,5,1,8.4,6,62,25
1225,4,1,6.5,6,62,25
1226,4,1,4.8,6,62,25
1227,6,1,6.7,6,62,25
1228,4,1,6,7,62,25
1229,6,1,5.2,5,62,25
1230,4,0,4.7,5,62,25
1231,6,0,5.4,5,62,25
1232,5,0,4.7,5,62,25
1233,5,1,6.9,7,62,25
1234,4,0,5.2,6,62,25
1235,5,0,4.8,6,62,25
1236,5,1,7.5,6,62,25
1237,5,0,4.8,4,62,25
1238,6,1,7.7,7,63,15
1239,5,0,4.8,5,63,15
1240,3,1,5.1,6,63,15
1241,4,0,3.4,4,63,15
1242,6,0,5.5,5,63,15
1243,5,0,4.6,5,63,15
1244,7,0,4.8,5,63,15
1245,5,1,5.3,6,63,15
1246,5,0,4.6,5,63,15
1247,5,1,5.4,6,63,15
1248,6,0,6.1,6,63,15
1249,5,1,5.8,4,63,15
1250,7,0,5.5,5,63,15
1251,5,0,4.6,5,63,15
1252,6,1,6.4,6,63,15
1253,5,1,6.5,7,63,15
1254,4,0,4.2,3,63,15
1255,4,1,4.6,6,63,15
1256,4,0,3.1,4,63,15
1257,4,1,6.8,6,63,15
1258,7,1,7.1,7,63,15
1259,4,1,5.5,5,63,15
1260,5,1,6.9,6,63,15
1261,4,0,4.6,4,63,15
1262,4,0,4,4,63,15
1263,2,1,6.3,6,64,25
1264,4,1,6.9,7,64,25
1265,4,1,5.6,7,64,25
1266,5,1,8.8,8,64,25
1267,3,1,5.7,6,64,25
1268,3,1,8.2,8,64,25
1269,5,1,8.1,8,64,25
1270,5,1,6.6,7,64,25
1271,6,1,6.9,7,64,25
1272,6,1,5.7,6,64,25
1273,5,1,8.8,8,64,25
1274,2,1,7.6,7,64,25
1275,7,1,9.1,8,64,25
1276,5,1,7.7,8,64,25
1277,5,1,6,7,64,25
1278,5,1,7.4,7,64,25
1279,3,1,5.6,6,64,25
1280,6,1,8.9,9,64,25
1281,6,1,6.4,7,64,25
1282,5,0,6,6,65,22
1283,3,0,6.6,7,65,22
1284,4,0,5.3,6,65,22
1285,5,1,6.4,6,65,22
1286,4,1,5.6,7,65,22
1287,5,1,6.8,6,65,22
1288,5,0,5.3,5,65,22
1289,4,0,5.1,6,65,22
1290,7,0,5.3,5,65,22
1291,5,1,6.4,7,65,22
1292,5,1,8.5,7,65,22
1293,6,0,5.7,6,65,22
1294,4,0,5.2,6,65,22
1295,4,1,7.5,8,65,22
1296,5,0,6.7,5,65,22
1297,5,1,7.3,7,65,22
1298,4,0,5.1,6,65,22
1299,5,0,4.7,5,65,22
1300,3,0,5.1,4,65,22
1301,5,1,7.4,7,65,22
1302,4,1,7.9,7,65,22
1303,6,1,7,7,65,22
1304,7,1,7.5,7,66,8
1305,7,1,6.9,8,66,8
1306,5,0,4.5,5,66,8
1307,5,0,4,4,66,8
1308,5,1,6.2,6,66,8
1309,5,1,5.2,4,66,8
1310,6,1,7,6,66,8
1311,6,1,6.3,7,66,8
1312,5,1,5.5,6,66,8
1313,6,1,6.6,7,66,8
1314,6,0,4.6,5,66,8
1315,5,1,5.3,6,66,8
1316,4,1,6.4,7,66,8
1317,5,1,6.5,6,66,8
1318,7,1,7.4,7,66,8
1319,6,0,6.7,6,66,8
1320,4,0,4.9,4,66,8
1321,4,0,5.1,4,66,8
1322,7,1,8.6,8,66,8
1323,5,0,4.5,4,66,8
1324,6,1,5.9,6,67,23
1325,8,1,8.1,7,67,23
1326,6,1,5.9,5,67,23
1327,3,1,6,6,67,23
1328,7,1,8.3,8,67,23
1329,5,1,5.8,5,67,23
1330,5,1,5.5,7,67,23
1331,4,1,5.9,6,67,23
1332,4,1,8.2,9,67,23
1333,7,1,6.9,7,67,23
1334,5,1,6.7,6,67,23
1335,6,1,6.4,6,67,23
1336,4,1,6.4,7,67,23
1337,5,1,5.5,5,67,23
1338,4,1,7.3,6,67,23
1339,4,1,6.7,5,67,23
1340,1,1,5.6,6,67,23
1341,7,1,7.4,7,67,23
1342,5,1,5.3,6,67,23
1343,5,1,6.7,7,67,23
1344,6,1,6.8,7,67,23
1345,3,0,6.5,4,68,20
1346,6,0,6.3,5,68,20
1347,5,0,5.2,6,68,20
1348,5,0,6.8,6,68,20
1349,4,0,4.8,4,68,20
1350,6,1,7.5,7,68,20
1351,6,0,5.8,6,68,20
1352,6,0,5.9,5,68,20
1353,5,1,6.7,7,68,20
1354,4,1,6.3,6,68,20
1355,4,0,4.6,5,68,20
1356,6,0,4.7,5,68,20
1357,5,1,5.5,6,68,20
1358,3,1,5.7,7,68,20
1359,4,0,4.7,5,68,20
1360,4,0,5.2,6,68,20
1361,4,0,4,3,68,20
1362,5,0,5,6,69,24
1363,5,1,5.4,6,69,24
1364,4,0,5.3,4,69,24
1365,3,1,6.6,6,69,24
1366,6,0,5.9,6,69,24
1367,5,0,4.1,5,69,24
1368,3,0,5.6,5,69,24
1369,5,1,5.9,7,69,24
1370,4,0,4.7,5,69,24
1371,5,1,6.2,5,69,24
1372,3,0,4.7,4,69,24
1373,3,0,4.9,4,69,24
1374,4,0,5.3,4,69,24
1375,5,1,6.6,6,69,24
1376,5,0,5.1,6,69,24
1377,5,1,7.5,7,69,24
1378,5,1,7.1,7,69,24
1379,6,1,7.1,7,69,24
1380,4,1,4.9,4,70,22
1381,4,1,4.1,5,70,22
1382,6,1,5,6,70,22
1383,4,1,4.2,4,70,22
1384,5,1,6.5,7,70,22
1385,4,1,7.4,6,70,22
1386,5,0,5,5,70,22
1387,6,0,6.1,6,70,22
1388,3,0,4.4,4,70,22
1389,4,1,5.6,7,70,22
1390,6,0,4.9,4,70,22
1391,7,0,5.3,6,70,22
1392,5,0,3.1,5,70,22
1393,5,0,4.3,5,70,22
1394,5,1,5.8,6,70,22
1395,4,0,3.1,4,70,22
1396,4,1,5.5,7,70,22
1397,5,1,5.8,4,70,22
1398,7,0,4.9,5,70,22
1399,1,0,2.9,3,70,22
1400,3,0,4.1,5,70,22
1401,3,0,3,4,71,18
1402,5,0,5.1,4,71,18
1403,3,0,3.6,4,71,18
1404,4,1,4,5,71,18
1405,7,0,4.9,5,71,18
1406,4,0,3.9,5,71,18
1407,7,1,4.4,5,71,18
1408,6,1,6.9,6,71,18
1409,4,0,2.8,3,71,18
1410,5,1,5.5,5,71,18
1411,4,0,3.7,5,71,18
1412,6,1,5.6,6,71,18
1413,5,1,5.2,7,71,18
1414,4,0,2.6,4,71,18
1415,5,1,5.3,5,71,18
1416,4,1,4,5,71,18
1417,3,0,3.9,4,71,18
1418,3,0,1.7,3,71,18
1419,3,1,5.8,5,71,18
1420,4,1,4.8,5,71,18
1421,5,1,6,5,71,18
1422,3,1,4.9,5,71,18
1423,5,0,5.3,5,72,19
1424,4,0,6.3,6,72,19
1425,6,0,5.9,5,72,19
1426,5,0,5.5,6,72,19
1427,5,0,5.6,6,72,19
1428,5,0,4.4,4,72,19
1429,6,1,7.3,8,72,19
1430,7,1,8.4,8,72,19
1431,5,0,4.9,5,72,19
1432,5,0,4.8,5,72,19
1433,6,0,5.7,6,72,19
1434,4,0,6,5,72,19
1435,4,1,6.1,6,72,19
1436,4,0,6.1,5,72,19
1437,6,0,6.7,6,72,19
1438,4,0,4.5,3,72,19
1439,5,0,6.5,6,72,19
1440,5,0,5.9,5,72,19
1441,4,1,6.9,6,72,19
1442,6,0,4,4,72,19
1443,5,0,5.8,5,72,19
1444,3,1,4.7,5,73,14
1445,6,1,6.2,7,73,14
1446,5,1,6.7,7,73,14
1447,5,1,5.4,5,73,14
1448,6,0,5,6,73,14
1449,5,0,4.2,4,73,14
1450,6,0,5.3,5,73,14
1451,5,1,4.4,4,73,14
1452,5,1,6.2,6,73,14
1453,4,0,3.8,6,73,14
1454,6,1,6.3,7,73,14
1455,4,1,4.5,6,73,14
1456,5,0,5.6,6,73,14
1457,4,0,3.3,3,73,14
1458,6,0,5.2,6,73,14
1459,3,0,4.1,4,73,14
1460,5,0,5.1,5,73,14
1461,5,1,6.3,6,73,14
1462,6,1,6.8,5,73,14
1463,4,0,4,5,73,14
1464,6,1,6.9,5,74,17
1465,5,0,4.8,5,74,17
1466,5,1,5.7,5,74,17
1467,5,0,4.7,5,74,17
1468,6,0,5.1,5,74,17
1469,5,1,5.3,6,74,17
1470,5,0,3.3,5,74,17
1471,7,0,6.6,7,74,17
1472,5,0,4.7,5,74,17
1473,6,0,4.2,4,74,17
1474,5,0,5.9,5,74,17
1475,6,1,4.6,6,74,17
1476,5,1,6.4,6,74,17
1477,5,0,3.8,4,74,17
1478,3,1,4.3,5,74,17
1479,5,1,5.6,6,74,17
1480,4,0,4.4,5,74,17
1481,4,1,5.4,6,75,21
1482,6,1,8.1,8,75,21
1483,4,1,6,6,75,21
1484,5,1,7.5,8,75,21
1485,6,1,5.8,6,75,21
1486,4,1,7.5,6,75,21
1487,3,1,7.5,6,75,21
1488,6,1,6.4,7,75,21
1489,4,1,5.7,6,75,21
1490,5,1,6.5,6,75,21
1491,3,1,6.8,7,75,21
1492,5,1,5.8,6,75,21
1493,6,1,7.1,7,75,21
1494,6,1,6.4,6,75,21
1495,5,1,7.9,7,75,21
1496,5,1,8.1,8,75,21
1497,5,1,6.6,6,75,21
1498,6,0,4,4,76,16
1499,5,1,4.5,5,76,16
1500,5,0,3.5,4,76,16
1501,5,1,5.2,5,76,16
1502,6,1,5.5,6,76,16
1503,5,0,5,4,76,16
1504,6,0,5.1,5,76,16
1505,3,1,3.8,4,76,16
1506,5,1,6,6,76,16
1507,5,0,4,4,76,16
1508,5,0,3.2,4,76,16
1509,5,1,6.1,4,76,16
1510,5,0,4.5,4,76,16
1511,4,0,3.6,4,76,16
1512,5,0,5.2,4,76,16
1513,5,1,4.8,5,76,16
1514,4,1,3.9,5,76,16
1515,4,0,4.4,5,76,16
1516,8,0,6,5,77,3
1517,7,1,5.3,7,77,3
1518,6,1,5.5,5,77,3
1519,7,1,6.1,6,77,3
1520,7,1,6.2,6,77,3
1521,5,0,2.9,3,77,3
1522,6,1,5.6,4,77,3
1523,5,0,4.3,4,77,3
1524,7,1,6.5,6,77,3
1525,6,0,4,4,77,3
1526,5,0,3,3,77,3
1527,6,0,4.5,5,77,3
1528,7,0,3.9,5,77,3
1529,7,0,3.8,4,77,3
1530,5,0,2.5,3,77,3
1531,6,0,3.2,3,77,3
1532,6,1,4.3,5,77,3
1533,7,1,6.7,6,77,3
1534,7,0,4.5,4,77,3
1535,5,0,3.7,4,78,23
1536,6,1,5.4,5,78,23
1537,4,1,5.6,5,78,23
1538,7,0,5.6,5,78,23
1539,5,0,3.8,4,78,23
1540,5,1,6.4,5,78,23
1541,6,0,4.4,6,78,23
1542,6,1,7.1,7,78,23
1543,5,0,4.1,4,78,23
1544,3,0,3.9,5,78,23
1545,4,0,3.9,4,78,23
1546,6,0,5.3,5,78,23
1547,3,1,5.2,6,78,23
1548,7,1,5.4,7,78,23
1549,6,0,5.3,5,78,23
1550,4,0,3.7,3,78,23
1551,3,1,4.9,5,78,23
1552,7,1,6,6,78,23
1553,6,1,6.7,7,79,15
1554,6,0,5,6,79,15
1555,6,0,4,5,79,15
1556,4,0,4.7,5,79,15
1557,7,1,7.4,7,79,15
1558,4,0,4,4,79,15
1559,5,0,3.5,5,79,15
1560,5,0,4.9,6,79,15
1561,3,0,3.2,3,79,15
1562,5,1,6.3,6,79,15
1563,6,1,6.6,6,79,15
1564,6,1,5.5,6,79,15
1565,5,1,5.9,5,79,15
1566,5,0,4.8,5,79,15
1567,6,1,7.4,7,79,15
1568,4,0,4.2,4,79,15
1569,5,0,5.5,6,79,15
1570,6,0,5.9,5,79,15
1571,5,0,4,3,79,15
1572,6,0,4.3,5,79,15
1573,4,0,4.2,4,80,23
1574,4,1,5.2,6,80,23
1575,4,0,2.7,3,80,23
1576,5,1,5.8,6,80,23
1577,5,0,4.7,4,80,23
1578,6,0,2,2,80,23
1579,4,0,4.5,3,80,23
1580,4,1,5.4,5,80,23
1581,6,1,5.4,5,80,23
1582,5,0,3.5,3,80,23
1583,6,0,5.3,5,80,23
1584,5,0,2.8,3,80,23
1585,5,1,5.3,5,80,23
1586,5,1,4.6,6,80,23
1587,6,0,3.8,5,80,23
1588,5,0,3.6,2,80,23
1589,2,0,3.7,3,80,23
1590,4,1,4.6,5,80,23
1591,6,1,3.7,3,80,23
1592,4,1,5.6,5,80,23
1593,4,0,2.4,2,81,8
1594,6,0,4.6,4,81,8
1595,6,0,3.9,3,81,8
1596,6,1,4.8,5,81,8
1597,6,1,6,6,81,8
1598,5,1,3.7,5,81,8
1599,5,0,4.1,4,81,8
1600,5,1,4.5,4,81,8
1601,6,1,4.8,5,81,8
1602,4,0,3.3,4,81,8
1603,7,0,3.9,4,81,8
1604,5,1,5.2,4,81,8
1605,6,0,4.9,3,81,8
1606,7,1,6,5,81,8
1607,5,0,2.7,3,81,8
1608,4,0,2.7,3,81,8
1609,6,0,4.4,4,81,8
1610,5,1,4.6,3,81,8
1611,6,1,5.3,4,81,8
1612,5,0,4.1,4,81,8
1613,7,0,4.5,3,81,8
1614,4,0,1.4,1,82,8
1615,5,0,2.8,2,82,8
1616,6,0,2.5,3,82,8
1617,9,0,4.2,4,82,8
1618,5,0,3.1,2,82,8
1619,5,0,1.1,1,82,8
1620,7,0,4.2,3,82,8
1621,6,0,2.4,2,82,8
1622,5,0,0,1,82,8
1623,5,0,2.5,3,82,8
1624,5,0,1.7,2,82,8
1625,5,0,1.9,2,82,8
1626,4,0,0.9,1,82,8
1627,6,0,1.8,2,82,8
1628,6,0,3.6,5,82,8
1629,5,0,3.7,4,82,8
1630,6,0,4,5,82,8
1631,6,0,4.3,4,82,8
1632,6,0,1.3,1,82,8
1633,5,0,3.2,3,82,8
1634,7,0,3.9,5,82,8
1635,4,0,5.7,6,83,24
1636,6,0,6.3,5,83,24
1637,5,1,6.1,6,83,24
1638,6,1,5.7,5,83,24
1639,7,1,7,6,83,24
1640,5,0,5.4,6,83,24
1641,7,1,7.6,6,83,24
1642,3,1,6.4,7,83,24
1643,5,1,5.9,6,83,24
1644,5,0,4.5,5,83,24
1645,4,1,6,6,83,24
1646,6,1,7.1,7,83,24
1647,5,1,6.2,7,83,24
1648,4,1,6.7,6,83,24
1649,4,0,5,4,83,24
1650,6,1,7.6,8,83,24
1651,7,0,5.3,6,83,24
1652,5,0,5.9,6,83,24
1653,5,1,5.6,6,84,22
1654,4,0,4.9,6,84,22
1655,5,1,7.1,8,84,22
1656,5,1,8.1,7,84,22
1657,6,0,6.2,5,84,22
1658,6,0,6.6,7,84,22
1659,3,1,6.4,7,84,22
1660,5,0,5,5,84,22
1661,5,0,5.6,5,84,22
1662,5,1,7.5,9,84,22
1663,6,1,6.5,7,84,22
1664,5,0,5.6,5,84,22
1665,4,0,5.3,5,84,22
1666,5,0,7.3,6,84,22
1667,5,1,6.6,7,84,22
1668,5,1,6.2,6,84,22
1669,4,0,5.8,6,84,22
1670,5,1,7.6,7,84,22
1671,4,1,7.1,7,84,22
1672,4,1,6.6,6,84,22
1673,3,0,4.3,4,84,22
1674,7,1,6.8,7,85,16
1675,3,1,6,7,85,16
1676,6,1,5.1,6,85,16
1677,5,1,7.8,8,85,16
1678,6,1,7.8,8,85,16
1679,6,1,5.5,6,85,16
1680,4,1,6.8,7,85,16
1681,5,1,5.2,6,85,16
1682,4,1,6.4,7,85,16
1683,5,1,7.7,7,85,16
1684,7,1,6.6,7,85,16
1685,5,1,4.7,5,85,16
1686,5,1,6.5,8,85,16
1687,6,1,7.1,8,85,16
1688,4,1,6.3,6,85,16
1689,5,1,7,7,85,16
1690,5,1,5.4,6,85,16
1691,5,1,6.1,5,85,16
1692,4,1,6.5,6,85,16
1693,4,1,6,5,85,16
1694,7,1,7.4,8,85,16
1695,4,1,6.7,7,85,16
1696,4,0,2.4,2,86,4
1697,6,1,5.6,5,86,4
1698,7,0,4.7,4,86,4
1699,7,0,4.3,4,86,4
1700,6,1,4.1,4,86,4
1701,6,1,4.6,5,86,4
1702,7,1,4.6,5,86,4
1703,7,0,3.2,3,86,4
1704,7,0,2.2,2,86,4
1705,6,0,3,4,86,4
1706,6,0,4.3,3,86,4
1707,5,0,2.9,2,86,4
1708,7,1,5.6,5,86,4
1709,5,0,2.9,2,86,4
1710,6,1,4.3,5,86,4
1711,7,1,5.2,5,86,4
1712,8,1,6.2,6,86,4
1713,4,1,3.5,3,86,4
1714,6,0,3.7,3,86,4
1715,4,0,2.9,4,86,4
1716,4,0,2,2,86,4
1717,7,1,5,5,86,4
1718,7,0,2.9,3,87,2
1719,7,1,6.1,6,87,2
1720,8,1,7,6,87,2
1721,10,1,7.3,9,87,2
1722,8,1,6.2,7,87,2
1723,8,0,6.1,6,87,2
1724,6,1,5.4,5,87,2
1725,9,1,6.9,7,87,2
1726,8,0,4.1,4,87,2
1727,8,1,6.1,6,87,2
1728,5,0,2,3,87,2
1729,6,0,3.5,3,87,2
1730,9,1,7.1,7,87,2
1731,8,1,6.4,6,87,2
1732,8,1,5.9,6,87,2
1733,7,0,5.5,4,87,2
1734,10,0,5.6,6,87,2
1735,9,1,7.7,6,87,2
1736,8,0,4.6,5,87,2
1737,9,0,4.4,5,87,2
1738,8,1,6.4,7,87,2
1739,6,1,5.5,5,88,13
1740,4,0,3.8,4,88,13
1741,6,1,6,6,88,13
1742,5,1,5.9,5,88,13
1743,5,1,5.7,5,88,13
1744,4,1,3.3,5,88,13
1745,5,1,5.1,6,88,13
1746,4,0,2.7,2,88,13
1747,6,0,4.7,5,88,13
1748,5,0,4.4,4,88,13
1749,6,1,6.4,4,88,13
1750,4,1,4.3,4,88,13
1751,4,0,3.3,3,88,13
1752,7,0,3.1,4,88,13
1753,4,0,2.5,3,88,13
1754,3,1,5.3,5,88,13
1755,5,1,6.2,5,88,13
1756,5,0,4.6,5,88,13
1757,5,0,5,5,88,13
1758,7,1,6.1,5,88,13
1759,4,0,4,2,88,13
1760,4,0,3.6,4,88,13
1761,4,0,3.3,5,88,13
1762,4,1,4.5,5,89,13
1763,7,1,5.8,6,89,13
1764,5,1,5.7,5,89,13
1765,5,0,5,4,89,13
1766,6,1,5.5,6,89,13
1767,5,1,6.9,7,89,13
1768,5,1,5.7,6,89,13
1769,5,1,6.2,6,89,13
1770,4,0,4,3,89,13
1771,5,0,3.4,4,89,13
1772,7,1,6.8,6,89,13
1773,6,1,6,5,89,13
1774,6,0,5.4,5,89,13
1775,4,0,2,4,89,13
1776,5,0,3.2,4,89,13
1777,5,0,4.9,4,89,13
1778,5,1,5.2,6,89,13
1779,6,0,4.1,5,89,13
1780,7,1,6.5,7,90,3
1781,6,0,4.2,4,90,3
1782,7,0,5.4,5,90,3
1783,7,0,4.9,5,90,3
1784,5,1,4.1,4,90,3
1785,7,0,5.1,5,90,3
1786,9,1,7.1,6,90,3
1787,6,0,3.8,4,90,3
1788,7,1,5,6,90,3
1789,7,1,6.3,6,90,3
1790,7,0,4.9,4,90,3
1791,8,1,5.9,7,90,3
1792,8,1,6.2,6,90,3
1793,8,1,5.2,6,90,3
1794,7,1,6.2,6,90,3
1795,9,1,7.7,8,90,3
1796,8,1,6.5,7,90,3
1797,7,1,4.9,5,90,3
1798,8,0,5.1,5,90,3
1799,6,1,5,5,90,3
1800,7,1,5.7,6,90,3
1801,6,0,5.3,5,90,3
1802,8,0,5.6,5,90,3
1803,7,0,4.6,6,91,16
1804,4,1,5,5,91,16
1805,3,1,5.7,4,91,16
1806,5,0,4,4,91,16
1807,5,1,4.9,5,91,16
1808,4,0,4,3,91,16
1809,7,1,7.7,6,91,16
1810,4,0,3.8,5,91,16
1811,5,0,6.1,5,91,16
1812,5,0,4,4,91,16
1813,6,1,5.9,6,91,16
1814,5,1,5.1,5,91,16
1815,4,0,3.5,3,91,16
1816,7,1,7.1,7,91,16
1817,4,1,5.2,4,91,16
1818,5,0,4.8,4,91,16
1819,7,0,4.2,5,91,16
1820,7,1,5.4,6,91,16
1821,4,0,4.4,4,92,16
1822,4,0,4.2,4,92,16
1823,4,0,3,3,92,16
1824,4,0,4,4,92,16
1825,4,1,3.8,5,92,16
1826,6,1,4.8,6,92,16
1827,4,0,4,4,92,16
1828,5,0,5,4,92,16
1829,4,0,2.1,3,92,16
1830,3,0,3.4,3,92,16
1831,5,1,5.2,5,92,16
1832,6,0,4.8,4,92,16
1833,3,0,3.8,5,92,16
1834,4,1,5.9,6,92,16
1835,4,0,3.5,3,92,16
1836,5,0,4,4,92,16
1837,4,0,2.8,3,92,16
1838,5,1,5.2,5,93,10
1839,7,1,5.7,5,93,10
1840,4,1,5.1,4,93,10
1841,5,0,4.5,4,93,10
1842,6,0,4.4,4,93,10
1843,5,1,5.9,6,93,10
1844,7,0,6.6,6,93,10
1845,5,0,3,4,93,10
1846,5,0,4,3,93,10
1847,5,1,4.3,4,93,10
1848,6,0,4.2,6,93,10
1849,6,0,5.2,4,93,10
1850,5,0,3.3,4,93,10
1851,7,1,5.6,6,93,10
1852,6,1,6.1,7,93,10
1853,3,0,2.8,4,93,10
1854,5,1,4.4,5,93,10
1855,5,0,3.4,4,93,10
1856,4,0,3.6,4,93,10
1857,5,0,4.4,4,93,10
1858,5,0,4,4,94,21
1859,5,0,5.6,5,94,21
1860,4,1,6,6,94,21
1861,5,1,6.6,6,94,21
1862,6,0,6.3,6,94,21
1863,6,1,5.7,6,94,21
1864,6,1,6.1,6,94,21
1865,6,1,5.3,6,94,21
1866,5,1,5.7,6,94,21
1867,5,0,4.9,5,94,21
1868,2,0,4.1,4,94,21
1869,5,0,4,4,94,21
1870,7,1,6,7,94,21
1871,3,0,3.9,4,94,21
1872,4,0,4.7,4,94,21
1873,4,1,7.2,8,94,21
1874,5,0,4.4,4,95,15
1875,5,1,4.9,5,95,15
1876,3,0,4.1,4,95,15
1877,7,0,5,5,95,15
1878,5,0,4.1,5,95,15
1879,3,1,4.9,5,95,15
1880,5,0,3.1,4,95,15
1881,4,0,4.1,5,95,15
1882,5,1,5.1,5,95,15
1883,5,0,5.3,4,95,15
1884,6,0,4.5,6,95,15
1885,6,1,5.7,7,95,15
1886,6,1,7.5,7,95,15
1887,4,1,5.3,5,95,15
1888,5,1,6.3,5,95,15
1889,5,1,5.8,6,95,15
1890,5,1,5.9,6,95,15
1891,6,0,4.9,4,95,15
1892,7,0,3.9,4,95,15
1893,5,1,5.4,5,95,15
1894,4,0,4.3,4,95,15
1895,6,1,6.1,6,96,13
1896,5,1,6.7,6,96,13
1897,6,0,3.9,5,96,13
1898,6,0,5,5,96,13
1899,5,0,6.4,6,96,13
1900,6,1,7,5,96,13
1901,6,0,4.5,4,96,13
1902,6,0,4.6,5,96,13
1903,4,0,4.4,4,96,13
1904,4,1,4.9,6,96,13
1905,5,1,7.4,7,96,13
1906,4,1,4.9,6,96,13
1907,8,0,7.1,7,96,13
1908,5,0,5.4,4,96,13
1909,5,1,5,5,96,13
1910,6,1,6,7,96,13
1911,4,1,5,6,96,13
1912,3,0,3.2,4,96,13
1913,5,0,4.7,5,96,13
1914,4,0,4,4,96,13
1915,5,1,7.2,7,96,13
1916,5,0,4.2,5,97,9
1917,7,0,4.3,4,97,9
1918,5,0,2.5,3,97,9
1919,3,0,2.1,3,97,9
1920,4,0,2.8,3,97,9
1921,5,0,3.4,4,97,9
1922,5,0,3.4,4,97,9
1923,4,0,2.9,3,97,9
1924,5,0,4.1,4,97,9
1925,5,0,3.6,3,97,9
1926,4,0,2.2,2,97,9
1927,4,0,2.6,3,97,9
1928,4,0,3,2,97,9
1929,4,0,3.6,3,97,9
1930,3,0,1.6,2,97,9
1931,6,0,4.9,5,97,9
1932,4,0,2.6,2,97,9
1933,7,0,6.2,7,97,9
1934,6,0,5.5,5,97,9
1935,5,0,4.3,5,97,9
1936,5,0,3.3,3,97,9
1937,3,0,5.8,5,98,25
1938,4,1,5.9,6,98,25
1939,4,0,4.9,5,98,25
1940,6,1,5.3,5,98,25
1941,5,1,6.7,6,98,25
1942,7,1,6.4,6,98,25
1943,5,0,6.1,6,98,25
1944,5,1,7.1,6,98,25
1945,5,0,4.6,5,98,25
1946,3,0,5.7,5,98,25
1947,5,1,7.2,6,98,25
1948,6,1,8.2,8,98,25
1949,6,0,5.6,6,98,25
1950,5,1,7.3,7,98,25
1951,6,1,6.5,6,98,25
1952,5,0,5.5,5,98,25
1953,4,1,6.7,6,98,25
1954,4,1,6.1,6,98,25
1955,7,1,6.8,6,98,25
1956,5,1,7.2,7,98,25
1957,6,1,6.5,5,98,25
1958,5,0,3.4,5,99,21
1959,5,0,5.1,5,99,21
1960,3,0,3.5,4,99,21
1961,5,0,3.8,4,99,21
1962,5,1,4.5,6,99,21
1963,4,1,4.2,5,99,21
1964,6,0,5.3,3,99,21
1965,6,1,6.2,6,99,21
1966,5,1,5.2,6,99,21
1967,5,1,8,7,99,21
1968,4,0,4.4,4,99,21
1969,6,1,7.4,7,99,21
1970,4,0,4.1,4,99,21
1971,5,0,5,5,99,21
1972,4,1,5.8,5,99,21
1973,5,0,4.4,4,99,21
1974,3,0,2.9,4,99,21
1975,4,0,3.5,4,99,21
1976,5,1,5.4,6,99,21
1977,5,1,5.9,5,99,21
1978,5,0,4.6,5,99,21
1979,5,0,4.8,4,99,21
1980,5,0,4.2,4,99,21
1981,5,0,3.9,4,100,7
1982,6,0,3.7,5,100,7
1983,7,1,6.1,7,100,7
1984,3,0,1.7,2,100,7
1985,7,1,5.9,5,100,7
1986,7,1,6.1,7,100,7
1987,7,0,4.3,5,100,7
1988,5,0,3.9,4,100,7
1989,5,0,1.1,1,100,7
1990,5,0,1.4,2,100,7
1991,5,0,1.9,3,100,7
1992,6,1,4.9,6,100,7
1993,7,1,6.5,6,100,7
1994,5,1,3.7,3,100,7
1995,5,1,5.2,4,100,7
1996,4,1,4.3,5,100,7
1997,4,0,2.6,2,100,7
1998,8,1,6.7,7,100,7
1999,5,0,2.9,3,100,7
2000,9,0,5.3,5,100,7
