subject,program,age_months,vocab,hours_read
1,B,120,45.389128245521825,3.399860943182828
1,B,132,59.32121496046815,2.572877310502226
1,B,144,72.81736696231974,1.5715127464556933
1,B,156,82.83264291654737,2.9552496978066425
1,B,168,88.51937696502807,3.4138999706450592
1,B,180,93.2082812819588,3.6036593192253106
2,A,120,52.624019358874484,6.249483789977923
2,A,132,64.74374333543923,3.2818881310406205
2,A,144,72.63660709299779,2.3500657473475743
2,A,156,82.57244852589004,1.7621239882728497
2,A,168,91.33925521813146,2.948396704329615
2,A,180,106.12405569043486,5.301220209583764
3,A,120,40.788438504231586,3.126380097519426
3,A,132,58.06148961434208,0.8511229791517811
3,A,144,67.29530883709663,2.9201238769155053
3,A,156,73.64924354488562,1.8181945451429917
3,A,168,75.60060857196582,1.113986101293993
3,A,180,81.44634880817442,4.8985020246970485
4,A,120,52.49775618184683,5.401494615641317
4,A,132,69.26463068728994,9.018238856121904
4,A,144,79.98581137535888,8.42184455515208
4,A,156,82.28354989894825,9.17205344472849
4,A,168,79.73718035438024,7.836990158981629
4,A,180,81.107805027054,5.921247455836184
5,A,120,51.399355349654044,6.952749773898001
5,A,132,65.1462987866948,7.426479784617998
5,A,144,70.72363840586257,5.93281092014524
5,A,156,74.73952789970133,6.072488146742538
5,A,168,87.87859186348827,8.879572999999041
5,A,180,91.77264304850596,10.27533297527269
6,A,120,50.95396764189058,3.9989061824356003
6,A,132,64.08762926932773,5.323487361057765
6,A,144,69.82468174465043,5.790017268360064
6,A,156,81.86200816181027,4.508120549798744
6,A,168,84.23924766876478,4.59215771438022
6,A,180,89.6264879747293,5.283859762398311
7,A,120,48.62112599469767,4.9337191439823105
7,A,132,52.16907032322935,3.505187173085461
7,A,144,71.11930373330726,6.113320066639076
7,A,156,65.282249197183,4.310612601782264
7,A,168,78.24685808490851,5.78834123117949
7,A,180,81.07609594318218,5.347911608588928
8,B,120,55.624918167182315,6.535831259140276
8,B,132,72.3860441613616,5.790915607621818
8,B,144,83.06319851002459,6.820028676616147
8,B,156,93.29538611435196,4.169842761575887
8,B,168,100.39116843557784,7.877360886116375
8,B,180,107.50553334394738,6.828842688564845
9,B,120,53.94941336782036,8.815119169029197
9,B,132,73.41218755550206,8.964075660996006
9,B,144,82.61618102134666,5.1300965935324445
9,B,156,92.14553391295297,5.680245114089189
9,B,168,99.08110452932262,9.62647182367222
9,B,180,105.53387464024959,8.483920189827858
10,A,120,50.29116351946236,2.132767407451337
10,A,132,64.856009574979,3.3673350005819627
10,A,144,69.91148134300082,3.7287788159316957
10,A,156,77.40683724801335,1.141996926819761
10,A,168,79.48127891498663,4.350851321167031
10,A,180,85.78278827298976,3.9883194628499954
11,B,120,42.71146738676073,8.127509732150154
11,B,132,63.01256809284104,6.998656252526484
11,B,144,72.56931582704895,5.3945424435181515
11,B,156,91.60264618981184,8.998757835071252
11,B,168,95.5137926983853,6.597906571245156
11,B,180,105.37806885930212,10.25122642353192
12,A,120,50.62914931700809,3.2905185576648237
12,A,132,70.3162764119888,0.9318479641298847
12,A,144,78.80992476658406,3.9415751548129574
12,A,156,87.21698702573197,-1.3919341723351115
12,A,168,90.74046610913254,1.9314981919379743
12,A,180,91.42699864887507,2.29131210009725
13,A,120,45.08903805186633,5.911082475801724
13,A,132,59.714051191834926,6.948086930931288
13,A,144,67.27259900943105,6.1918188370083165
13,A,156,73.61056150759114,4.462351675573059
13,A,168,80.06291880553168,7.899719907948306
13,A,180,76.52916156034073,4.703921232174741
14,B,120,45.4016228607013,6.709211806863991
14,B,132,61.366809206647396,7.201256560167377
14,B,144,75.3688355308847,5.6929050515110635
14,B,156,77.15003863747923,7.540034016764579
14,B,168,90.7443904081635,6.772816550135418
14,B,180,95.05530404248445,7.4796774543079065
15,A,120,37.40020967225416,5.772390523244775
15,A,132,45.801576052794424,6.085554444217607
15,A,144,52.11138364967186,6.4335989853627735
15,A,156,55.24143814925106,4.238754669766852
15,A,168,62.98053911873813,6.354287389075626
15,A,180,67.58831519636647,4.4262781434034455
16,A,120,54.61739884754273,4.336550315579819
16,A,132,70.77608429566149,6.733363029810515
16,A,144,69.13155204223001,3.008859625552218
16,A,156,77.61574962385099,7.514669975657775
16,A,168,77.69280054762356,4.994474632478058
16,A,180,76.35016296006603,4.235894195107562
17,A,120,41.066253751387364,5.062644281380612
17,A,132,57.909644809692516,5.0979652671336435
17,A,144,68.44449647382388,5.214256275466237
17,A,156,77.79368294723291,4.1390789430487835
17,A,168,85.45481477213904,5.376943956460785
17,A,180,88.53042019369602,6.519771459807692
18,A,120,40.677485355237785,3.8830523979172833
18,A,132,51.62586309392431,1.5653745578229787
18,A,144,61.60708827598845,3.17650597413865
18,A,156,68.16637760345742,4.27659219681046
18,A,168,76.30433591673018,5.60001786406859
18,A,180,72.39100938599131,2.856447187248298
19,B,120,50.077348619354375,8.307447892361578
19,B,132,58.59875619091612,6.15443968973419
19,B,144,73.9162753813077,8.666887559604056
19,B,156,80.44473553739752,8.461860733844258
19,B,168,73.34564837207216,5.109678620551427
19,B,180,83.48605539412654,8.240743971600853
20,B,120,41.99174426344342,8.327404882612985
20,B,132,63.51709387314831,6.380141379905526
20,B,144,75.08367736185384,4.621349177496131
20,B,156,82.84099423987061,7.564876483873579
20,B,168,88.69700760357817,5.633952380937354
20,B,180,86.30744483280088,9.350612492448857
21,B,120,58.37776759030215,7.0583151800411015
21,B,132,72.21456902140301,5.614226223935096
21,B,144,79.75035120376772,6.6476499470501835
21,B,156,93.31249543712951,9.005743021181873
21,B,168,94.78051649812332,6.3505808235542975
21,B,180,103.4362477949008,9.371210038168329
22,B,120,53.86800335336492,5.604563346068629
22,B,132,70.80601204220514,4.0608605101911195
22,B,144,77.93305477388387,6.646802400111797
22,B,156,92.51395177049368,7.145410138196324
22,B,168,97.88773904752829,8.633890381117299
22,B,180,106.95137803231377,8.694413866353944
23,A,120,44.757735666436346,9.53245342940804
23,A,132,59.34237913750455,8.84084275273967
23,A,144,60.22275242824404,8.998151641039945
23,A,156,69.62490774113218,6.332711470841477
23,A,168,72.75464667594514,9.79091876445028
23,A,180,78.49001744019151,8.242245099652191
24,B,120,44.20437591882442,3.7673906611281582
24,B,132,71.15253018186579,4.3064047522617335
24,B,144,72.2469227181614,4.299763843949574
24,B,156,79.19279214061865,1.1174312583694959
24,B,168,87.09594160416448,3.975119478945051
24,B,180,92.92745440232405,3.5947649249991995
25,A,120,29.688741249498115,-0.10864889399930577
25,A,132,54.039538206089226,0.2208998932493178
25,A,144,82.2505727483715,4.422221749026731
25,A,156,83.70343822707137,2.652486495028985
25,A,168,89.31186657832991,2.290423418896159
25,A,180,99.10438729171891,3.271255163269457
26,B,120,51.03437575174291,7.606529393277834
26,B,132,75.42577587312705,8.112270900197174
26,B,144,66.54931496721014,4.603801762048713
26,B,156,87.14317570127018,9.652890723687158
26,B,168,79.00778723214476,6.237212954578658
26,B,180,87.4064756106132,8.497644396374449
27,A,120,48.962331214526316,2.369735274190394
27,A,132,65.7129624771085,4.337478105803731
27,A,144,74.90530621525366,0.9785734905674071
27,A,156,79.03893145698561,5.238179307514931
27,A,168,80.88739532589005,6.136821728908867
27,A,180,84.06232476611561,3.1449892299580062
28,B,120,52.52253592011114,2.5325043410439294
28,B,132,69.7436230666318,3.24339148336474
28,B,144,89.10434515090469,5.655241258307775
28,B,156,90.9161385509316,2.6731209292345204
28,B,168,98.41015176170752,4.43199750201613
28,B,180,102.74564098303131,3.5872451502628917
29,B,120,51.43708264093961,2.2737638308251795
29,B,132,68.50848028047214,3.604422354413018
29,B,144,81.76109633901946,3.6641878047183387
29,B,156,85.7355793739766,3.459976307729753
29,B,168,90.60254394473579,0.6702296912560173
29,B,180,105.89452475345504,3.2153099950428263
30,B,120,53.4472812053628,5.7921731094746995
30,B,132,69.06580710524341,4.820211805898573
30,B,144,84.38228147034773,5.985841071535997
30,B,156,88.50814154176359,4.728392391583477
30,B,168,95.75132535985256,4.179671155403614
30,B,180,96.65285280013504,4.063533907990603
31,B,120,51.787407176060384,12.238949675292194
31,B,132,74.57067834104873,8.82539721271472
31,B,144,96.46424171404406,8.042156602779876
31,B,156,106.98435117984664,8.856070376549082
31,B,168,111.45221037838161,8.141556478630138
31,B,180,116.5215785449147,9.943926942083564
32,B,120,53.894856652948526,1.449796798059162
32,B,132,75.99871453147135,0.3225066834486976
32,B,144,91.46465774028187,-1.0037187358581852
32,B,156,102.2197956377603,1.2325603250542585
32,B,168,115.92948455261504,1.2405394474761406
32,B,180,118.83124865413633,-0.2962764762733838
33,A,120,58.4426548959196,5.177214008612616
33,A,132,67.76597613237541,3.344255875413543
33,A,144,71.88332128060195,4.506828170581981
33,A,156,78.34481619203594,4.423735337004828
33,A,168,80.30005795031903,6.9535922045480225
33,A,180,87.16160825915527,1.232428813709351
34,B,120,59.08968911749233,7.989215204624765
34,B,132,69.03298157011625,7.18961194721673
34,B,144,70.2993509610215,6.256929258951208
34,B,156,73.668123141182,5.269756925384707
34,B,168,80.063947747037,6.958091736539035
34,B,180,97.77224900688012,10.572545938543014
35,B,120,47.71506549605359,7.326262178914041
35,B,132,67.32022468711675,7.987434939123801
35,B,144,77.15082544934185,5.869222763347437
35,B,156,85.04681310761733,4.672310042645502
35,B,168,89.66802125762602,5.603452180045316
35,B,180,95.4940940125415,7.562012891785157
36,B,120,47.835700667608116,3.5018584286663588
36,B,132,71.79586276545014,1.3395813794100444
36,B,144,79.26729347724414,-1.4565431877231712
36,B,156,88.54429370959525,2.468841573357699
36,B,168,97.48674706011755,-1.1932929420156055
36,B,180,104.12176450720156,5.581551187916865
37,A,120,47.04542372356548,3.010208195617528
37,A,132,50.921805681556975,2.6472046728661525
37,A,144,44.40934030863468,3.1141548207758936
37,A,156,48.714698666099785,3.3999917336229073
37,A,168,39.93543234165009,2.0264057844766796
37,A,180,45.6705767481987,4.1503739373084585
38,B,120,46.778638286880906,5.213287460409782
38,B,132,64.20374633114031,4.977888385665591
38,B,144,70.9277224895299,5.516319563565312
38,B,156,79.26247541894637,6.445545467456206
38,B,168,83.55314043298945,6.523969780706766
38,B,180,78.99375693835299,2.90946499336502
39,B,120,52.84214397906184,-0.5404610192250274
39,B,132,56.43078257326039,-2.6361344420586863
39,B,144,70.22656109040429,1.9400134798798256
39,B,156,71.79918094170118,-2.08659968167055
39,B,168,68.81463607837372,-2.530981635508276
39,B,180,71.99833891478555,-2.3102506371754954
40,A,120,49.03413559115921,9.44997924388353
40,A,132,62.4214066138486,6.911569647890176
40,A,144,68.96925325413282,7.381804853328935
40,A,156,74.07277200450054,6.815292943892887
40,A,168,79.8093293287988,5.24851429186308
40,A,180,86.15190358324652,8.216127050662111
41,B,120,46.94255155501592,2.2075724639200422
41,B,132,63.79930684271274,3.5468813352561543
41,B,144,70.01479321630237,3.818515306649956
41,B,156,69.33737669824137,1.185898509598489
41,B,168,78.28240890892106,3.6582098353157186
41,B,180,78.30301263692708,4.656404201801298
42,A,120,47.90036511830074,6.955033700640391
42,A,132,56.87100137951693,6.415590814614533
42,A,144,59.436172657644946,5.5798053826817995
42,A,156,62.12644289114603,6.640284698399938
42,A,168,57.447336663736955,4.005048434580699
42,A,180,61.68354601345957,3.693684198417475
43,A,120,44.42022349115459,0.9072299868549223
43,A,132,56.42808245992548,1.1480916279549809
43,A,144,59.76751057426182,-0.9130848100198321
43,A,156,67.17509839632616,0.6749429059526373
43,A,168,70.60113250895814,3.657543555913022
43,A,180,70.15356757519429,1.4682896912725165
44,A,120,47.14364344374027,1.5747056458449915
44,A,132,63.19527256360939,0.5128369758030513
44,A,144,86.17286124440282,5.712735056521959
44,A,156,87.09936822332281,3.1544941639330126
44,A,168,92.27666942649242,3.596669799999228
44,A,180,97.06091410300809,3.4355627048611885
45,A,120,40.89869681664153,2.75067840058958
45,A,132,59.13855963511551,3.8164814660098503
45,A,144,71.2995331428812,5.969931519264319
45,A,156,77.16861193236342,5.404220419335369
45,A,168,79.95412302495127,4.3753064169517035
45,A,180,88.55377316880461,5.274234533828168
46,B,120,44.17346058776526,4.246345932514947
46,B,132,75.27596232982353,9.143012063657816
46,B,144,89.6076834426863,11.464556591198894
46,B,156,92.48641891012544,8.224457190128803
46,B,168,95.68466765755993,7.040145361584678
46,B,180,100.85864907257536,6.5430387494349525
47,A,120,41.365954322547914,3.800596015720776
47,A,132,48.96219389597494,2.04002095793947
47,A,144,60.2748284188988,4.03204997239687
47,A,156,69.89469809095245,4.163530206564486
47,A,168,69.53479262998744,3.063206974267917
47,A,180,78.18035433089662,4.663508001446054
48,A,120,34.03113995549933,5.343572270469892
48,A,132,47.7510885259538,3.595536566797617
48,A,144,56.76331491660885,4.203431342935587
48,A,156,57.18963166476881,2.6478974588544846
48,A,168,67.48311526821588,4.314731117578323
48,A,180,71.30263954217963,4.59996071450251
49,B,120,53.68407936937842,5.197344853163606
49,B,132,67.62950441912841,3.927448189538813
49,B,144,82.1642355299097,7.544154802897936
49,B,156,92.33051672675292,5.196417451574689
49,B,168,98.34432251963513,5.152251207693093
49,B,180,112.35798905878704,8.079083159233491
50,B,120,48.352517614051756,9.347100279920943
50,B,132,75.0930805885331,7.771702953809147
50,B,144,88.68206621342543,7.039111534140806
50,B,156,101.4243574629749,8.004378170460019
50,B,168,108.87427936694611,5.535980586535384
50,B,180,107.04693740513349,6.107286624520803
51,B,120,51.70370801903931,6.812493375603767
51,B,132,70.85265750326464,7.062478978767516
51,B,144,85.95916304748721,7.442133571417911
51,B,156,87.67228852809535,3.2316647607487625
51,B,168,109.13433001540997,9.028995269452112
51,B,180,114.44457570318379,9.30052382835198
52,B,120,51.44984737958089,6.527313995923126
52,B,132,66.22521937394112,3.265235039814656
52,B,144,76.8072904336919,3.5566502669066082
52,B,156,85.07649858276446,5.098035532462537
52,B,168,93.3663380285052,8.144095965270935
52,B,180,101.49057190534528,5.047461379079777
53,A,120,41.0062349870409,-0.2751498867347153
53,A,132,60.47044693635262,3.2786351675857945
53,A,144,70.80607736617468,4.219805428044753
53,A,156,81.78069685066593,0.9725598489214478
53,A,168,90.60347626759136,1.0656123881555564
53,A,180,94.42394530262747,0.4836221349096834
54,A,120,32.65704950733259,8.759149352200378
54,A,132,51.41241449300997,8.081994031200383
54,A,144,54.384977054378716,9.294775269468069
54,A,156,62.55735327155347,6.241633415162754
54,A,168,72.25917533274381,11.083763740339187
54,A,180,73.97061497456767,8.584882969695212
55,A,120,45.259905366378995,6.061761501836819
55,A,132,65.10278532941622,2.384109662317077
55,A,144,75.34840909883107,5.582042775400945
55,A,156,83.19720758509958,2.741194814847508
55,A,168,88.7083915666583,3.3118487814121726
55,A,180,92.01322050210942,5.601945514104541
56,B,120,45.436150515970496,4.4609958454194505
56,B,132,58.35878090168899,4.295900626552343
56,B,144,71.26870036913442,5.308259666581903
56,B,156,79.88323712800658,4.485456611441791
56,B,168,86.05734023824013,8.11444639749286
56,B,180,89.70907516082586,3.6075127802280917
57,A,120,40.907090656280815,5.739877191009955
57,A,132,56.4963954875667,6.588106254476358
57,A,144,66.40074779050497,6.2289054097454875
57,A,156,66.96986511557445,5.408308367655037
57,A,168,70.37086791355087,5.343570572590101
57,A,180,80.08661800693626,6.836113746870344
58,B,120,54.455106026462104,8.61206138941239
58,B,132,71.43819435989798,6.558023344282352
58,B,144,88.61307268525691,8.72777843294764
58,B,156,94.73655524418986,7.800061059495707
58,B,168,103.11121465844192,7.684282640141568
58,B,180,101.88140806621092,6.986852638420484
59,A,120,56.12357406941947,7.890090912924407
59,A,132,64.90574241298941,6.274437011747966
59,A,144,74.670661748766,6.5478634337019
59,A,156,72.06270428949782,5.524044899725085
59,A,168,79.3700094008721,6.48815914316905
59,A,180,79.33500356141808,7.390402580453859
60,A,120,46.987233681021195,6.413239376141846
60,A,132,59.849575288157624,5.275593903515828
60,A,144,54.38217414396143,2.780732878095434
60,A,156,57.52686607395333,1.2776796219567963
60,A,168,59.680531692216924,4.170244848133558
60,A,180,57.516615810346764,3.2863679875935583
61,A,120,56.544993799858176,8.034363964271407
61,A,132,73.20992578519893,7.073027985748331
61,A,144,79.4670512529079,6.702098690525396
61,A,156,88.02385711584414,6.856857273824443
61,A,168,91.97999814547241,8.070909341158018
61,A,180,90.86795151111515,6.463836717334028
62,A,120,48.37278036709646,7.109680547509712
62,A,132,57.665576308892625,7.571410300813822
62,A,144,54.0226082998377,5.241005906028252
62,A,156,67.38661283665755,8.332847648874688
62,A,168,71.59081045678963,9.602957275888352
62,A,180,73.5652825893611,8.258489920660788
63,A,120,42.2193742956981,1.6936185689583383
63,A,132,60.374382872802926,2.873029036969074
63,A,144,63.62521159554353,0.9601434209684765
63,A,156,73.12872745243433,4.303903398462706
63,A,168,69.8148991668603,1.2257826010722925
63,A,180,80.10100588943814,3.886228938254479
64,B,120,43.58028823258943,6.2005454910088975
64,B,132,65.7072373651533,8.315873282734467
64,B,144,77.10514961712418,8.394532996094904
64,B,156,87.856456282948,5.990716584094633
64,B,168,90.71776639042614,3.4431309893717446
64,B,180,106.55440895435711,7.565411984007904
65,A,120,40.085413397563215,1.6028406608555759
65,A,132,60.890826420682934,4.964578670719254
65,A,144,63.805807709292004,2.2014381642096827
65,A,156,70.8951069786902,4.282598211685897
65,A,168,79.89006672101284,5.1621798073505385
65,A,180,74.93866028332708,2.090653676132488
66,B,120,55.61351299378151,4.0485718609050085
66,B,132,75.79858850095503,4.8502838744589845
66,B,144,85.81003717700409,5.890426899495643
66,B,156,90.27220563783787,3.491298286422762
66,B,168,96.86188077613149,5.295718088109346
66,B,180,100.23829617937503,3.069259387958686
67,B,120,49.18135441315835,3.8707995486130846
67,B,132,76.96131041865634,4.2063949478164355
67,B,144,102.31588961031069,5.563397848986021
67,B,156,100.56848096696,2.5693357592559147
67,B,168,118.34190329257841,3.623171334398073
67,B,180,137.01693128033858,6.719518556067749
68,A,120,37.00124048251936,1.236270472488501
68,A,132,52.12756305130996,3.479474237371553
68,A,144,52.039561583606634,1.39868702612016
68,A,156,63.53837091683084,3.3776765345395012
68,A,168,62.60581680599736,2.2192927360667225
68,A,180,71.3832480261886,3.8140450833489106
69,B,120,44.46479928633348,2.4248769474662417
69,B,132,65.1960054009124,1.1554490802755915
69,B,144,78.27923355575503,2.108947859649499
69,B,156,84.57824355825618,-0.7500434746286788
69,B,168,102.58427430975556,2.416200552479828
69,B,180,114.1234014747932,2.6800452497098948
70,A,120,43.00676221751278,6.164364119747187
70,A,132,60.45506071859199,8.936820739941732
70,A,144,63.26044417614868,9.066434496759767
70,A,156,69.21054910185683,6.628631970831712
70,A,168,65.64844884408654,6.194834161674265
70,A,180,74.43692123510046,5.99129390001015
71,B,120,52.071687281282216,10.954089722166751
71,B,132,66.40662223592344,11.189830884588979
71,B,144,78.56081594960413,9.955238842042196
71,B,156,82.45976437451289,10.169092515085914
71,B,168,94.36271788297356,11.184964191760287
71,B,180,94.70242130851616,8.925220820773571
72,B,120,57.29549892888777,8.645311285953747
72,B,132,82.7617000343343,10.557943912050018
72,B,144,89.10584213893554,8.875098315240242
72,B,156,100.07505248416521,8.984594901881481
72,B,168,108.32093907196156,10.066426075336835
72,B,180,114.10296174877416,8.96141822865599
73,B,120,48.34750054246799,5.469291069315107
73,B,132,67.56327677431416,3.4149500899179106
73,B,144,81.5659518219316,2.630803789702984
73,B,156,90.57202031331316,2.495073512635024
73,B,168,99.45972339591631,5.059228243325572
73,B,180,109.27650911415701,8.381419025410818
74,A,120,25.246981235095095,5.324190132299912
74,A,132,47.13346570025126,8.571533303176645
74,A,144,52.02080491627182,7.37543356995399
74,A,156,63.948476010291074,8.46899650249761
74,A,168,62.54487887040335,5.492262598226192
74,A,180,67.01944844005206,6.691097152491515
75,A,120,41.59689768807884,6.905115473215601
75,A,132,55.22072182609469,9.5047789759746
75,A,144,62.0320294866419,8.305742551635431
75,A,156,59.84730460730393,6.711922276053526
75,A,168,75.74867979672153,10.18499951998144
75,A,180,65.59284743216703,5.072070277072262
76,A,120,55.277330984519566,3.5623140103419977
76,A,132,70.74896319830572,6.069665909732846
76,A,144,74.09088267114497,4.960997990550071
76,A,156,84.65646072112125,4.509862547262896
76,A,168,86.75257360397075,2.30027689566588
76,A,180,90.4351074311045,3.195696703815982
77,A,120,41.70788729686297,8.65419304915531
77,A,132,41.49073766647632,6.666091630623041
77,A,144,46.127445468105876,4.989071123248083
77,A,156,49.26861024009416,10.266994893391317
77,A,168,46.67435810548522,4.822582568102972
77,A,180,45.93041889100424,5.511890360275011
78,B,120,42.72982993303806,4.657247030876303
78,B,132,59.99020580489158,5.4897532087485
78,B,144,75.84919536476784,7.03658708390044
78,B,156,81.13896428532499,5.853899212374765
78,B,168,87.10731285602063,7.334930755562707
78,B,180,89.51163401855389,7.77930207552421
79,B,120,60.95836133566683,7.271156141107114
79,B,132,78.23801983751477,6.788832819031434
79,B,144,95.857958561736,6.828162640119282
79,B,156,108.4087946368334,8.824374400840021
79,B,168,112.08899122042601,7.718642012177056
79,B,180,121.16553657454237,6.373907673628642
80,A,120,35.34565725616386,5.960583469410862
80,A,132,48.56869071007286,4.901445732762813
80,A,144,51.71714816676028,7.453527541735402
80,A,156,52.671558222046,4.9233302717399665
80,A,168,51.97500715192496,5.703082374432276
80,A,180,54.700277197240695,6.093527163522255
81,B,120,48.661641601026446,6.09966637937895
81,B,132,70.6401972211025,7.592665440991292
81,B,144,83.06629269345552,7.37285307635879
81,B,156,94.32101011823487,6.943963937905972
81,B,168,98.28051534015485,5.63563435064467
81,B,180,100.72139110113477,10.177705769706371
82,B,120,57.684979330818614,4.679184656710406
82,B,132,83.28947014787902,2.673608216971613
82,B,144,97.96427723423794,5.433029526553899
82,B,156,103.76142281173037,1.865505850112772
82,B,168,111.34425974412089,3.762441812634952
82,B,180,113.22940918348591,0.7537171401062333
83,B,120,54.28868371532666,1.9893125679178154
83,B,132,71.58531879924023,4.00942774462859
83,B,144,82.19371907564698,3.9192871190453458
83,B,156,97.91572556700552,4.1664556845728775
83,B,168,95.88435600581538,3.1666219122368564
83,B,180,107.26396298974232,5.300831831887482
84,B,120,48.78322506433615,7.033400675743152
84,B,132,69.25577126800697,7.891872815386058
84,B,144,84.64128308862922,6.556346943213709
84,B,156,85.19049456874079,5.189394678715614
84,B,168,100.73497981955478,8.87709947387412
84,B,180,107.23175390832427,8.359589625757163
85,B,120,53.57129958662707,5.256785961650808
85,B,132,79.74436589922038,8.5323464114287
85,B,144,90.15677914256942,5.8106846362584745
85,B,156,93.51325076940273,2.7366638257398415
85,B,168,111.0170111751191,7.338146926434634
85,B,180,121.79724246465669,9.85532839917311
86,A,120,41.83964089370748,4.577056622449509
86,A,132,49.98315766640888,5.990919593710448
86,A,144,50.719616038113166,3.8718771165842747
86,A,156,56.952827242388445,3.97304910464913
86,A,168,62.03800839367299,4.323653484066621
86,A,180,60.27539891843495,2.874462903581477
87,B,120,56.860008461954514,3.653633311630511
87,B,132,75.37321590454519,4.573082289998248
87,B,144,92.75501824950145,5.400951742050498
87,B,156,102.90978852227968,4.6600832130072884
87,B,168,107.41458329665642,3.367038953103987
87,B,180,110.98382883702938,2.945821108999965
88,B,120,57.29242870429456,3.6602310446448687
88,B,132,74.78836046123051,4.236725593006896
88,B,144,78.86756702524495,4.201150162865906
88,B,156,89.55795664163354,6.770343601020931
88,B,168,98.95793339175273,6.861924617244302
88,B,180,107.37610289560875,6.884634007785168
89,B,120,46.80309078523283,5.97933204638412
89,B,132,70.32636196528243,6.401940103875534
89,B,144,75.55043705652277,5.053850301170677
89,B,156,101.41034421302659,9.310979772095221
89,B,168,108.90695829180545,10.970301788723344
89,B,180,102.48525422638048,7.140079062332775
90,B,120,41.73643978606776,3.523681300525657
90,B,132,63.895126476762904,2.41738017336261
90,B,144,89.0102545061918,5.885951236650989
90,B,156,97.57277695947958,5.511676228069697
90,B,168,107.77218182685291,5.592772342595642
90,B,180,112.84783572335822,2.9088198194993815
91,B,120,48.54907133579567,5.5354884636209505
91,B,132,67.98297080414659,7.595484650969068
91,B,144,78.15385126589292,6.91826188477839
91,B,156,90.68581917962862,8.133642425901169
91,B,168,89.82889936466573,5.414491449881513
91,B,180,90.61323262337744,7.3604096817441516
92,A,120,48.39600039751621,3.9986260022620037
92,A,132,57.88152099478804,6.055672484564842
92,A,144,66.98919957546191,6.314722647196271
92,A,156,63.47987671582575,1.701259817148777
92,A,168,65.9821905185317,6.484377966502096
92,A,180,61.91037278455786,1.1777709565214947
93,B,120,46.63213697260536,6.241986324865703
93,B,132,74.33878894673207,7.241385252250801
93,B,144,73.97505469469377,2.858964921842995
93,B,156,92.49638986791665,6.196215530442683
93,B,168,88.51387317036888,4.065759886206276
93,B,180,92.0610788383311,2.1963183262135533
94,A,120,39.07467957969489,7.212322633546357
94,A,132,53.176816432250554,5.704748358015113
94,A,144,70.95565472446738,6.5107902821777754
94,A,156,76.32188529127188,7.783907398963629
94,A,168,85.29926930467957,8.692537750037623
94,A,180,83.40640656114557,4.32110773058718
95,A,120,50.72153676949953,5.474456698410383
95,A,132,51.31342904359695,4.450158380087234
95,A,144,59.017505743723106,4.951795350863269
95,A,156,65.46000126889717,4.235036458544071
95,A,168,58.74995383716889,4.6094129745832
95,A,180,57.56638354522783,4.287385590946535
96,A,120,47.14278569809873,3.3333024275380003
96,A,132,55.3546900046641,5.072416855776535
96,A,144,58.92398948684481,3.3893084079596165
96,A,156,61.70737047891378,4.904969768286095
96,A,168,61.269286104595174,5.185537244720425
96,A,180,60.150680707235246,3.6630422150665556
97,B,120,54.35091552572883,-1.104335296698392
97,B,132,74.72871150860858,0.4009209850114246
97,B,144,80.00783628017953,-1.0517345921457635
97,B,156,82.81256566107508,-0.6420226344432761
97,B,168,85.38416654682953,-0.6122025577579318
97,B,180,82.50131272157896,-1.4970877142255221
98,A,120,40.80562802963942,1.0538422840098776
98,A,132,62.17508543958333,2.460227753465646
98,A,144,65.82019791205462,2.1519163793790326
98,A,156,69.65000819475273,1.096235346129892
98,A,168,71.04758434619625,0.9858163816431109
98,A,180,78.71141055381663,2.445509967657051
99,B,120,51.82699038798929,6.36842840300665
99,B,132,64.35191121880678,4.542860370162466
99,B,144,68.14285313396488,3.075711014639073
99,B,156,82.1597824401553,5.7056113932614645
99,B,168,85.53194643206807,4.256842746656339
99,B,180,91.24883195322647,5.243069324512919
100,A,120,60.510005345352354,7.183860308374127
100,A,132,68.52214263956606,4.021430861950239
100,A,144,69.02147241819964,5.4027059807537965
100,A,156,72.45069021527804,5.737937830813886
100,A,168,78.96346602609106,6.131705420495741
100,A,180,74.9778980234679,3.1128097212676105
101,A,120,50.564570403080296,3.341134352210279
101,A,132,64.99169620492438,2.0795665403109367
101,A,144,65.04771149626754,6.440963475011414
101,A,156,74.38022338174571,5.00359235873933
101,A,168,84.45852827576714,5.995374090931389
101,A,180,87.7342804007547,5.71096012536491
102,A,120,33.65886444268581,1.74356009684441
102,A,132,46.38916944862381,3.3930301403614416
102,A,144,54.2924621141171,1.8324945717005932
102,A,156,62.95031878496466,2.9123969833574925
102,A,168,71.73063900251391,7.738932169926075
102,A,180,65.30460990651416,2.257881059707907
103,B,120,56.023788402322836,4.565793707290132
103,B,132,73.78289412463005,5.356160894961988
103,B,144,80.03118081059847,-0.4896617294999408
103,B,156,96.28926812276477,5.505253341340763
103,B,168,104.73075914940372,-0.40371781383041805
103,B,180,104.14282005326366,-0.34858185860132895
104,B,120,50.32307528095593,4.16309981060593
104,B,132,60.86803603967133,2.684798610092921
104,B,144,84.94998488788515,5.79702057497483
104,B,156,92.81199769598004,4.923039886436132
104,B,168,91.02092312145321,3.9402654678441418
104,B,180,95.34818390853351,4.443116821612577
105,B,120,50.229655360339386,8.972254060657296
105,B,132,62.46640136409134,5.630127226984045
105,B,144,80.31905214368902,6.523165186197267
105,B,156,92.94511931421654,5.674311881806881
105,B,168,95.26021523784743,5.197334297976839
105,B,180,103.5926525068908,7.98345207031862
106,B,120,44.964969950731344,-0.5345883944841154
106,B,132,74.39881366593505,2.1232629545317177
106,B,144,86.86370365652255,2.0164553932863827
106,B,156,95.81079751086206,0.597595954497699
106,B,168,102.1378655908364,0.8356654724790933
106,B,180,104.06367372952737,-0.3990956323270316
107,A,120,46.06663360714543,7.191614746001005
107,A,132,62.83487460169946,6.666518185909977
107,A,144,67.55015576630791,5.928245565208555
107,A,156,68.98145416386299,5.119419318249458
107,A,168,73.34052324976335,6.187917761014154
107,A,180,74.61025550686604,5.457772659650969
108,A,120,40.126353516799256,3.734319090498335
108,A,132,55.239895391282474,4.091436004743947
108,A,144,58.78545601336714,1.6867154138080696
108,A,156,66.02261963908506,4.001821311991039
108,A,168,60.763540427145585,-0.050542735863305044
108,A,180,74.53584283101715,4.011870844145289
109,B,120,45.096823503619035,2.6375371434384847
109,B,132,60.449252974833534,2.076995923341983
109,B,144,73.25673893521497,4.436438359860671
109,B,156,76.35717865447879,3.370292733261638
109,B,168,83.39914307572384,5.864185205490083
109,B,180,88.03638585091687,1.8097266057576988
110,B,120,44.441640681043,1.4412930023254917
110,B,132,69.41486241790868,3.1064413286207677
110,B,144,86.38127247290261,5.23504542387198
110,B,156,86.19654549270197,3.2738283466533886
110,B,168,94.16315299930666,3.1999007203563634
110,B,180,98.50011116671274,1.8286779234037978
111,A,120,34.88497159456091,1.2702176820851259
111,A,132,54.4757199405833,0.8281308477244589
111,A,144,51.764511194875524,-3.118476606984943
111,A,156,61.43389232766753,-1.4449625174063112
111,A,168,74.93124943266565,1.751215322671118
111,A,180,80.39572212483407,2.527915725170192
112,A,120,43.70079917671416,4.512169750442007
112,A,132,54.66473110143526,4.382371519673673
112,A,144,66.57564483094181,3.20934979732834
112,A,156,78.20136347965756,6.8198666147390465
112,A,168,86.52943950504819,7.706558356530898
112,A,180,89.11768176203968,7.598903055388509
113,A,120,39.452197385573875,2.420362409008076
113,A,132,55.99516061991983,5.70217586099771
113,A,144,62.67039244719379,5.949726385009394
113,A,156,65.32119184895147,5.220311095319247
113,A,168,67.41293427484312,6.216411235316386
113,A,180,63.797492591784234,3.1153700494622933
114,B,120,58.56529393482975,3.511726626656473
114,B,132,79.43181780835765,0.6841853148765331
114,B,144,93.62705623477163,1.8430526790742254
114,B,156,104.67234276976846,3.2462352115823436
114,B,168,110.41775647446227,2.467720485789554
114,B,180,113.28280133728202,1.8444160384533674
115,A,120,45.32153080255623,4.5540208333735075
115,A,132,63.52839420382297,5.271247276266877
115,A,144,81.05423819694049,9.211611666744615
115,A,156,72.2368178259574,5.316576072073904
115,A,168,89.4838136290489,6.574631738717249
115,A,180,78.81066398566685,2.692346396048409
116,B,120,47.85713652172533,6.745805843493738
116,B,132,69.73318229009092,8.860764761760958
116,B,144,85.83364943947959,10.028145073814358
116,B,156,84.0755798336701,8.0625807922145
116,B,168,92.04372562245378,8.715543024086706
116,B,180,105.79941615878487,10.729091383268765
117,B,120,49.33540307023692,4.856065856706005
117,B,132,73.94977920943747,4.798989680475326
117,B,144,86.288921789341,3.8538940565971807
117,B,156,98.61785398552678,6.721894446952264
117,B,168,100.99272844944342,3.6257546457588816
117,B,180,113.77712726113758,4.6248454156184415
118,B,120,59.80941147896261,4.363322326148662
118,B,132,74.81551384542362,3.8286947624722347
118,B,144,81.99290056166588,4.400308491268918
118,B,156,89.2950335054094,7.748400451948972
118,B,168,98.09650274189381,7.7985229028579965
118,B,180,99.74726756221945,5.607501548857808
119,A,120,40.94866720637792,5.876586083903633
119,A,132,58.06880620299682,5.107012877288975
119,A,144,67.675038573576,5.693695246159263
119,A,156,72.41523701383397,5.1836435208576
119,A,168,80.06052335253906,6.168705267239089
119,A,180,86.61545132815063,5.216973290571263
120,B,120,49.596139628467874,6.769880423639901
120,B,132,74.36295803799568,7.105064843465214
120,B,144,77.6457030447522,3.875955130278986
120,B,156,73.99304775422281,2.3657848395977608
120,B,168,82.57907795604027,3.126386151635264
120,B,180,93.26057793190247,3.239020116816502
121,A,120,54.14803911094663,7.93644752625457
121,A,132,65.74509516540468,5.837789597843985
121,A,144,63.19676940636373,8.823405284306505
121,A,156,64.19236528137328,10.078008988007978
121,A,168,69.48250040857874,7.496455717108619
121,A,180,67.47858267922896,7.890788305022792
122,A,120,38.226127035364556,4.211295566772297
122,A,132,55.136264033385494,8.180574713591803
122,A,144,66.47564282848103,7.955599963528961
122,A,156,70.10887419760793,8.125992145891452
122,A,168,74.74179684417585,7.409836229014486
122,A,180,80.78663620987562,6.9290950252228045
123,B,120,46.95326608284599,-0.36424062826169035
123,B,132,83.14820191975743,4.261772747357424
123,B,144,86.40902052033135,2.0823356677864
123,B,156,100.81460014031643,2.2776944951756732
123,B,168,120.11738615692863,5.938633797735391
123,B,180,122.12517256272804,2.91047646709928
124,B,120,43.06706875366093,4.1166555850767805
124,B,132,61.1191168250428,3.691478773165134
124,B,144,67.72413706935619,0.8042977116767847
124,B,156,79.28194362577874,3.5397114960282092
124,B,168,78.823035156654,2.6010171003691314
124,B,180,84.2043335704537,5.547541084036747
125,A,120,43.658463475651985,5.194431502122459
125,A,132,59.04340275594376,7.851296065023146
125,A,144,73.42105843025735,5.202581347765425
125,A,156,79.07287834406712,5.48331780779761
125,A,168,85.87010750340019,4.6986671767338
125,A,180,89.21426880015241,5.323349088581127
126,A,120,48.151923783544206,9.42662785207471
126,A,132,57.96151935368733,9.764722481378865
126,A,144,59.46083160183046,6.340281944938646
126,A,156,63.87215463005972,10.081844482887298
126,A,168,69.84678694137773,8.334662169666451
126,A,180,71.53269710503103,7.360913749204039
127,B,120,51.759841145838124,0.7695716139131039
127,B,132,64.26301133757137,-0.12337988230600622
127,B,144,85.24155216844343,1.7540215290972252
127,B,156,93.66986823846604,2.1537349505710006
127,B,168,94.58976883512192,-0.7994330087732489
127,B,180,98.79333619550266,0.6973276458204867
128,A,120,47.80382447924995,5.076820945801991
128,A,132,66.65105779456194,4.0863754752905965
128,A,144,84.70259675051736,7.486933256261587
128,A,156,81.34952497694243,5.5240905021163345
128,A,168,90.98912166921359,5.345865369649422
128,A,180,97.00175854308075,5.422393970639767
129,A,120,39.149687896904915,3.0589984030165938
129,A,132,66.79999942072064,7.02383704905837
129,A,144,79.06262116038737,6.798270789337867
129,A,156,66.81295958605213,2.4946746861803413
129,A,168,76.87250200292159,5.422114283741705
129,A,180,77.66541430538135,4.546236260926772
130,B,120,44.521536030368864,1.268380122493421
130,B,132,72.98087366584144,3.4746529819981724
130,B,144,87.39878423974478,2.463735931755581
130,B,156,95.28393903991184,1.5928692143213987
130,B,168,106.1721935606242,2.4166871081044357
130,B,180,116.70104967261871,2.5574455130759204
131,B,120,49.531214248662195,2.9573925504256513
131,B,132,82.91655605821047,6.926569658197611
131,B,144,93.90771595856408,4.198816147240836
131,B,156,100.09965726703741,3.565541424145542
131,B,168,104.83009596532943,2.8535998794814277
131,B,180,112.48434025831902,3.3665357951393773
132,B,120,39.59194227460156,-2.4930639436116815
132,B,132,71.15448825850858,2.6869124228942742
132,B,144,78.43623118139378,1.9661096095609496
132,B,156,98.12314752289116,6.105499176414995
132,B,168,90.42008614304825,3.4031251813866046
132,B,180,93.403889915364,3.282263327084441
133,B,120,46.308915340220516,7.679802582331092
133,B,132,62.444549341348214,6.45287583883023
133,B,144,80.28293037806823,8.930003204944907
133,B,156,87.16827423021911,7.940669513503873
133,B,168,90.66977133685337,6.488698111276128
133,B,180,100.78194364600641,5.530983751561477
134,A,120,42.25280249979734,2.727699328185036
134,A,132,58.190413829917965,3.1368275082226846
134,A,144,69.870629748253,0.47329690531775026
134,A,156,81.27397883110473,1.2519472121695288
134,A,168,88.15892809994612,2.117790114524353
134,A,180,99.94073846169016,2.263427414212278
135,B,120,56.51379001008771,2.4650317577494163
135,B,132,74.71884628267608,4.028906011990811
135,B,144,88.48588301986418,3.004831929416252
135,B,156,93.99440245610272,4.974446144251216
135,B,168,101.81467742319167,3.2397353665041364
135,B,180,109.3304398517334,3.10709934871737
136,B,120,58.01320098191324,10.480670115764413
136,B,132,73.19068760116926,8.579687771016411
136,B,144,60.79726286032964,4.319633222064148
136,B,156,82.08039531268129,6.9492022614809335
136,B,168,80.9605002478156,5.955302849095775
136,B,180,89.84116395950842,6.853221457069586
137,B,120,52.96635330570785,5.284499207111753
137,B,132,49.91079438811846,-0.7148422145028732
137,B,144,69.91576611021492,5.249928894397431
137,B,156,72.67690108816603,4.158369508329749
137,B,168,70.58901147209086,2.8655315512776762
137,B,180,77.14767965061696,5.85269775658856
138,B,120,57.85367065367588,6.29432486332273
138,B,132,61.837388389968936,1.347211939748572
138,B,144,72.83055566747916,2.4528279793830237
138,B,156,80.18675233233809,3.8712677889940474
138,B,168,75.35619426330089,-0.23614517242719257
138,B,180,84.9163625388415,1.844671751542219
139,B,120,47.93439499099452,3.1661570194455306
139,B,132,66.49250568002456,4.162624963479652
139,B,144,71.51445786280273,0.8840050599729778
139,B,156,80.89702353947477,3.478658738817378
139,B,168,86.18111091334012,1.4342089373543496
139,B,180,89.77922880618273,5.436651945521544
140,A,120,39.42537431113596,5.1449289059871415
140,A,132,54.474649365084964,6.038694834333064
140,A,144,61.71184383995747,5.00346585713572
140,A,156,57.64855225192281,3.4080086502976146
140,A,168,62.60121092939479,5.900973960464544
140,A,180,71.13503030963558,7.828736291787938
141,B,120,40.08599023462184,0.8329193362915515
141,B,132,70.3788090719161,2.9140972416559663
141,B,144,83.49978242744969,3.761591340545138
141,B,156,100.35099582983831,5.56413405364077
141,B,168,100.39632810214958,1.757912438152489
141,B,180,115.34234408850236,3.8958537976027867
142,A,120,33.94267543328956,3.3598823492468872
142,A,132,57.810621257710935,4.416075635810499
142,A,144,55.39359896157674,2.5582194247093364
142,A,156,65.9855007526459,3.3052809225832105
142,A,168,85.61532645156696,6.228639925188757
142,A,180,66.15600377616282,1.6357647058353457
143,A,120,54.33338551443918,4.848884815507003
143,A,132,60.32955943039944,1.7719686875579193
143,A,144,77.99781270320825,8.35325213960689
143,A,156,75.53781816875248,4.132888156154828
143,A,168,75.76003090219477,2.4741267340198663
143,A,180,77.33184064467747,2.266912145328058
144,A,120,31.24443887551722,3.7801380888891805
144,A,132,53.346055037379436,5.571684911546086
144,A,144,64.01914418870832,4.637196280148688
144,A,156,68.65363834182415,4.215969172277903
144,A,168,73.19719312934033,3.509120790699915
144,A,180,78.89999140692817,6.310054329800766
145,A,120,38.256971248683605,3.7273865619143676
145,A,132,52.600205885627915,3.500653274064169
145,A,144,58.534325379833774,4.965851264081422
145,A,156,59.45613902349397,2.4537377410589456
145,A,168,60.98981714235394,4.059609881331764
145,A,180,65.80867538692007,5.285424568449397
146,A,120,37.6032766055455,5.932263408857362
146,A,132,55.57529490266019,6.7238922982105525
146,A,144,65.60401390545908,7.0381947915367595
146,A,156,67.91394889691583,7.692176552654212
146,A,168,75.66870510202229,8.111178937643013
146,A,180,63.13707459246731,3.548946109511733
147,A,120,52.351825638776425,6.512254322735023
147,A,132,58.53573353156802,6.420472418958997
147,A,144,71.16501697186419,8.292710923960357
147,A,156,76.44766003393825,9.154375606159416
147,A,168,79.39839536139205,9.09022415037256
147,A,180,78.2593680161919,6.272494426063143
148,A,120,46.45291290326003,5.113527926758991
148,A,132,63.94673453654629,4.983984642207087
148,A,144,74.1554905942684,7.319016680031748
148,A,156,75.85766120541832,4.476415184233998
148,A,168,87.20140703598763,7.39901229379203
148,A,180,86.58035243167198,4.8911445012594985
149,B,120,63.62668524087242,7.835493391573381
149,B,132,69.6947432848226,4.297950426899845
149,B,144,82.94420656729405,3.6023506934921055
149,B,156,98.50248977621081,8.006031087891065
149,B,168,99.5073623734775,7.828951037881689
149,B,180,91.84145811691326,2.627727065993851
150,B,120,46.865889616776606,6.753042859532167
150,B,132,71.41167035549503,9.134442823679532
150,B,144,83.91402475132992,9.13360061163565
150,B,156,93.55591691322287,10.182276509680527
150,B,168,96.46547843253178,7.047684624767265
150,B,180,104.48317400818782,7.062483933642728
